global_step,loop,csv_step,time,playback_hz,hw_scale,sim_action_0,cmd_pos_0,real_pos_0,sim_action_1,cmd_pos_1,real_pos_1,sim_action_2,cmd_pos_2,real_pos_2,sim_action_3,cmd_pos_3,real_pos_3,sim_action_4,cmd_pos_4,real_pos_4,sim_action_5,cmd_pos_5,real_pos_5,sim_action_6,cmd_pos_6,real_pos_6,sim_action_7,cmd_pos_7,real_pos_7,sim_action_8,cmd_pos_8,real_pos_8,sim_action_9,cmd_pos_9,real_pos_9,sim_action_10,cmd_pos_10,real_pos_10,sim_action_11,cmd_pos_11,real_pos_11
0,0,0,0.002153158187866211,25,0.55,-0.031298,-0.0172139,0.011423973285781066,-0.222922,0.6623929000000001,0.7853981633974483,-0.156565,-1.65611075,-1.5875341233261198,0.12898,0.07093900000000002,-0.017135959928671597,0.023994,0.7981967,0.813958096611901,0.100065,-1.51496425,-1.5932461099690105,-0.123852,-0.0681186,0.011423973285781066,0.275692,0.9366306,0.8310940565405726,0.067705,-1.53276225,-1.5875341233261198,-0.057422,-0.0315821,-0.005711986642890533,0.359691,0.98283005,0.8310940565405726,0.121963,-1.5029203500000001,-1.6046700832547915
1,0,1,0.04185175895690918,25,0.55,0.08198,0.045089000000000004,0.005711986642890533,0.168328,0.8775804,0.7968221366832293,0.109774,-1.5096243,-1.5875341233261198,0.342367,0.18830185,-0.017135959928671597,-0.353191,0.59074495,0.8196700832547915,0.192934,-1.4638863,-1.598958096611901,0.178086,0.0979473,0.034271919857343194,-0.192201,0.67928945,0.8710779630408063,-0.308172,-1.7394946,-1.5875341233261198,-0.028552,-0.0157036,0.0,0.320727,0.9613998500000001,0.8368060431834631,-0.234135,-1.69877425,-1.6275180298263536
2,0,2,0.08175444602966309,25,0.55,0.051615,0.028388250000000004,0.028559933214452663,0.144507,0.86447885,0.7968221366832293,0.078978,-1.5265621,-1.5875341233261198,0.204627,0.11254485000000002,0.03998390650023373,-0.063101,0.7502944500000001,0.825382069897682,0.178693,-1.47171885,-1.5646861767545577,0.045379,0.024958450000000004,0.034271919857343194,-0.147387,0.70393715,0.8482300164692441,-0.0912,-1.62016,-1.5932461099690105,0.000161,8.855000000000001e-05,-0.03998390650023373,0.184614,0.8865377000000001,0.8539420031121346,-0.108205,-1.62951275,-1.6275180298263536
3,0,3,0.12181353569030762,25,0.55,-0.05179,-0.028484500000000003,0.028559933214452663,0.513615,1.06748825,0.7625502168258862,0.100898,-1.5145061,-1.536126243540105,0.40889,0.2248895,0.10852774621492012,-0.617146,0.4455697,0.7454142568972145,0.52256,-1.282592,-1.5589741901116674,0.342586,0.18842230000000001,0.028559933214452663,-0.161615,0.69611175,0.8653659763979158,-0.504842,-1.8476631000000001,-1.6789259096123685,-0.098648,-0.0542564,-0.017135959928671597,0.616288,1.1239584,0.9510457760412737,-0.480045,-1.8340247500000002,-1.6389420031121347
4,0,4,0.16197609901428223,25,0.55,0.292539,0.16089645,0.022847946571562132,1.163706,1.4250383,0.7625502168258862,-0.54903,-1.8719665,-1.524702270254324,0.48238,0.265309,0.10281575957202958,-0.807706,0.3407617,0.7625502168258862,0.506532,-1.2914074,-1.5532622034687766,0.773271,0.42529905000000007,0.034271919857343194,-0.756855,0.36872974999999997,0.7853981633974483,-0.940605,-2.08733275,-1.6960618695410399,-0.506358,-0.2784969,-0.017135959928671597,1.203948,1.4471714000000002,0.9281978294697116,-1.168238,-2.2125309,-1.6446539897550252
5,0,5,0.20200443267822266,25,0.55,0.754947,0.41522085000000003,-0.011423973285781066,1.618416,1.5,0.9796057092557264,-1.207338,-2.2340359000000003,-1.513278296968543,0.566258,0.31144190000000005,0.20563151914405917,-0.631229,0.43782404999999996,0.6197505507536228,0.562858,-1.2604281,-1.416174524039404,1.055025,0.5,0.11995171950070119,-1.312839,0.06293854999999993,0.7054303503969808,-1.347652,-2.3112086,-1.793165642470179,-0.749251,-0.41208805000000004,-0.034271919857343194,1.507764,1.5,0.996741669184398,-1.546006,-2.4203033,-1.6446539897550252
6,0,6,0.24212169647216797,25,0.55,1.253802,0.5,0.13137569278648226,2.110382,1.5,1.33946086775783,-1.695612,-2.5,-1.7874536558272887,0.724385,0.39841175,0.30844727871608874,-0.781898,0.3549561,0.6197505507536228,0.740613,-1.16266285,-1.3933265774678418,1.156022,0.5,0.3884150917165562,-2.019758,0.0,0.556918697681827,-1.408567,-2.34471185,-2.061629014686034,-0.760403,-0.41822165000000006,-0.35985515850210353,1.593649,1.5,1.459412587258531,-1.815012,-2.5,-1.953101268471114
7,0,7,0.2821693420410156,25,0.55,1.09249,0.5,0.3884150917165562,1.70931,1.5,1.487972520472984,-1.21424,-2.237832,-2.12446086775783,0.600406,0.3302233,0.30844727871608874,-1.132944,0.16188080000000005,0.4598149247526879,1.152256,-0.9362592000000001,-1.3761906175391703,0.897366,0.4935513,0.5083668112172574,-1.792093,0.0,0.2427594323228477,-0.598144,-1.8989792,-2.4043482132594662,-0.516883,-0.28428565,-0.4055510516452278,1.973092,1.5,1.499396493758765,-1.674273,-2.49085015,-2.4329081464739186
8,0,8,0.3222339153289795,25,0.55,0.906316,0.4984738,0.4912308512885858,1.466149,1.5,1.487972520472984,-0.668829,-1.93785595,-2.12446086775783,0.637195,0.35045725,0.3312952252876509,-1.35043,0.04226350000000001,0.385559098395111,1.006153,-1.01661585,-1.256238898038469,0.891073,0.49009015000000006,0.5540627043603816,-1.624677,0.0,0.1685036059652708,-0.406644,-1.7936542000000002,-2.3529403334734513,-0.428543,-0.23569865,-0.42268701157389943,1.76638,1.5,1.522244440330327,-1.403184,-2.3417512,-2.4957399995457146
9,0,9,0.3623616695404053,25,0.55,0.844527,0.46448985000000004,0.48551886464569527,1.360124,1.5,1.5508043735447796,-0.50344,-1.846892,-2.244412587258531,0.600786,0.33043230000000007,0.2913113187874172,-1.366401,0.033479449999999966,0.2199114857512856,0.896538,-1.0769041000000001,-1.1305751918948772,0.53082,0.291951,0.5369267444317101,-1.346263,0.044555349999999994,0.15707963267948966,-0.191674,-1.6754207,-2.2044286807582973,-0.467076,-0.2568918,-0.23990343900140237,1.632077,1.5,1.499396493758765,-1.239718,-2.2518449,-2.4843160262599335
10,0,10,0.4023916721343994,25,0.55,0.841247,0.46268585,0.47980687800280475,1.515615,1.5,1.533668413616108,-0.573341,-1.88533755,-2.244412587258531,0.506273,0.27845015,0.354143171859213,-1.27856,0.08179199999999998,0.014279966607226413,0.896695,-1.07681775,-1.0677433388230815,0.638091,0.35095005,0.5369267444317101,-1.3559,0.03925499999999993,0.25989539225151925,-0.117208,-1.6344644000000002,-1.8617094821848656,-0.517273,-0.28450015,-0.2284794657156213,1.731598,1.5,1.545092386901889,-1.320209,-2.29611495,-2.3986362266165755
11,0,11,0.44245386123657227,25,0.55,0.792935,0.43611425,0.46838290471702365,1.020324,1.3461782000000002,1.5051084804016552,-0.356171,-1.76589405,-1.8445735222561939,0.135841,0.07471255,0.3655671451449941,-1.125707,0.16586115,0.0028559933214453714,0.973004,-1.0348478,-1.096303272037534,0.267981,0.14738955000000004,0.42839899821678995,-1.130528,0.16320959999999995,0.17992757925105185,0.457529,-1.31835905,-1.7531817359699455,-0.222217,-0.12221935,-0.28559933214452665,1.500703,1.5,1.5565163601876701,-0.777015,-1.99735825,-2.2672605338300933
12,0,12,0.4825582504272461,25,0.55,0.770491,0.42377005000000006,0.46838290471702365,0.777315,1.21252325,1.487972520472984,0.07791,-1.5271495000000002,-1.8731334554706467,-0.39609,-0.21784950000000003,0.3370072119305414,-1.212364,0.11819979999999997,0.0028559933214453714,0.859655,-1.09718975,-1.0905912853946436,0.155524,0.08553820000000001,0.3655671451449941,-1.073884,0.19436379999999998,0.2656073788944098,0.364923,-1.36929235,-1.7131978294697117,-0.051876,-0.028531800000000003,-0.2913113187874172,1.637312,1.5,1.573652320116342,-0.423405,-1.8028727500000001,-2.2786845071158743
13,0,13,0.5227022171020508,25,0.55,0.54924,0.302082,0.46267091807413313,0.876659,1.26716245,1.487972520472984,0.055144,-1.5396708000000001,-1.816013589041741,0.078675,0.043271250000000004,0.1770715859296065,-1.217124,0.11558179999999996,0.09995976625058434,0.485695,-1.30286775,-1.0905912853946436,0.452551,0.24890305000000001,0.17135959928671599,-1.045305,0.21008225000000003,0.22562347239417613,0.266911,-1.42319895,-1.4904303503969807,-0.2864,-0.15752,-0.21705549242984024,1.428313,1.5,1.596500266687904,-0.677734,-1.9427537000000001,-2.1930047074725163
14,0,14,0.5627171993255615,25,0.55,0.493721,0.27154655000000005,0.42839899821678995,0.708027,1.17441485,1.2709170280431437,0.1218,-1.50301,-1.5932461099690105,-0.006376,-0.0035068,-0.028559933214452663,-0.775299,0.35858555000000003,0.10567175289347486,0.675213,-1.19863285,-1.1191512186090962,0.802379,0.44130845,0.11423973285781065,-0.744175,0.37570375,0.2770313521801909,-0.284559,-1.7265074500000002,-1.3990385641107324,-0.231952,-0.1275736,-0.13137569278648226,1.330026,1.5,1.5907882800450133,-0.711222,-1.9611721000000002,-2.084476961257596
15,0,15,0.6028611660003662,25,0.55,1.025224,0.5,0.2798873455016361,0.793579,1.2214684500000001,1.265205041400253,0.014911,-1.56179895,-1.5189902836114335,-0.190309,-0.10466995000000001,-0.09139178628624853,-0.659321,0.42237345,0.09995976625058434,0.965178,-1.0391521,-1.1876950583237826,1.032736,0.5,0.34271919857343197,-0.652335,0.42621575,0.22562347239417613,-1.007881,-2.1243345500000004,-1.3990385641107324,-0.170387,-0.09371285000000001,-0.13137569278648226,1.43463,1.5,1.5679403334734512,-1.283816,-2.2760988,-1.9987971616142381
16,0,16,0.6428637504577637,25,0.55,0.987204,0.5,0.27417535885874555,0.944793,1.30463615,1.1909492150426761,-0.595241,-1.8973825500000001,-1.501854323682762,0.052581,0.028919550000000002,0.03998390650023373,-0.618245,0.44496525,0.32272724532331515,0.999049,-1.02052305,-1.256238898038469,1.093715,0.5,0.4969428379314763,-0.622414,0.4426723,0.3170152586804246,-1.107797,-2.17928835,-1.707485842826821,-0.487486,-0.2681173,-0.13137569278648226,1.55319,1.5,1.5393804002589986,-1.356622,-2.3161421,-2.01593312154291
17,0,17,0.6829884052276611,25,0.55,0.953021,0.5,0.4512469447883521,1.069234,1.3730787000000002,1.1966612016855667,-0.93106,-2.082083,-1.5703981633974484,0.134914,0.07420270000000001,-0.06283185307179585,-0.535967,0.49021815,0.4483909514669069,1.196868,-0.9117225999999999,-1.096303272037534,0.897862,0.49382410000000004,0.4912308512885858,-0.85949,0.3122805,0.43125499153823527,-0.793703,-2.00653665,-2.038781068114472,-0.339666,-0.18681630000000002,-0.11423973285781065,2.114737,1.5,1.5622283468305607,-1.109771,-2.18037405,-2.0959009345433772
18,0,18,0.7230408191680908,25,0.55,1.287625,0.5,0.4969428379314763,3.298951,1.5,1.3109009345433773,-1.849373,-2.5,-1.7874536558272887,1.305656,0.5,-0.06283185307179585,0.019563,0.79575965,0.47123889803846897,1.063394,-0.9851333,-1.05060737889441,2.215676,0.5,0.5369267444317101,-2.381082,0.0,0.4483909514669069,-2.145183,-2.5,-2.2387006006156405,-0.827493,-0.45512115000000003,-0.21134350578694971,2.089147,1.5,1.4822605338300932,-1.968828,-2.5,-2.3300923869018892
19,0,19,0.7631375789642334,25,0.55,1.419871,0.5,0.4969428379314763,3.564332,1.5,1.3109009345433773,-2.354021,-2.5,-2.010221134900019,1.232481,0.5,0.017135959928671597,0.217628,0.9046954,0.47695088468135954,0.745286,-1.1600927,-1.05060737889441,2.507588,0.5,0.4969428379314763,-2.485845,0.0,0.41411903160956365,-2.550104,-2.5,-2.084476961257596,-1.129681,-0.5,-0.21705549242984024,1.813676,1.5,1.5165324536874365,-1.927997,-2.5,-2.2387006006156405
20,0,20,0.8031902313232422,25,0.55,1.345548,0.5,0.5026548245743668,2.244041,1.5,1.4765485471872029,-1.96724,-2.5,-2.4214841731881376,0.376729,0.20720095,0.017135959928671597,-0.430483,0.54823435,0.6940063771111997,0.795302,-1.1325839,-1.0163354590370668,1.350036,0.5,0.5197907845030385,-1.697593,0.0,0.33986320525198677,-1.614071,-2.4577390500000003,-2.084476961257596,-0.717242,-0.39448310000000003,-0.28559933214452665,2.030483,1.5,1.5165324536874365,-1.418013,-2.34990715,-2.2387006006156405
21,0,21,0.8432266712188721,25,0.55,1.496014,0.5,0.4969428379314763,2.058425,1.5,1.4765485471872029,-1.792842,-2.5,-2.4843160262599335,0.616445,0.33904475000000006,0.46838290471702365,-0.707479,0.39588655,0.9053498828981494,1.082121,-0.97483345,-1.0905912853946436,1.094765,0.5,0.5026548245743668,-1.866031,0.0,0.1913515525368329,-1.161695,-2.20893225,-2.084476961257596,-0.712985,-0.39214175,-0.4512469447883521,1.733277,1.5,1.4936845071158742,-1.773999,-2.5,-2.4843160262599335
22,0,22,0.8833670616149902,25,0.55,1.047148,0.5,0.5083668112172574,1.676714,1.5,1.4822605338300932,-1.023171,-2.1327440500000003,-2.5014519861886053,0.525047,0.28877585000000006,0.3884150917165562,-1.173531,0.13955794999999993,0.9281978294697116,1.433623,-0.7815073499999999,-1.15913512510933,0.649998,0.3574989,0.5026548245743668,-1.636698,0.0,0.16279161932238018,-0.279522,-1.7237371000000001,-2.4214841731881376,-0.394174,-0.21679570000000004,-0.42268701157389943,1.919171,1.5,1.499396493758765,-1.587775,-2.4432762500000003,-2.4843160262599335
23,0,23,0.9234144687652588,25,0.55,0.717404,0.39457220000000004,0.514078797860148,1.507854,1.5,1.4936845071158742,-1.028358,-2.1355969000000004,-2.4786040396170432,0.258496,0.14217280000000002,0.3884150917165562,-1.043485,0.21108324999999994,0.4940868446100311,1.209708,-0.9046606,-1.147711151823549,0.246987,0.13584285000000001,0.5026548245743668,-1.561463,0.0,0.16279161932238018,-0.11288,-1.632084,-2.3529403334734513,-0.320561,-0.17630855,-0.41697502493100885,1.555919,1.5,1.5051084804016552,-1.491075,-2.3900912500000002,-2.4043482132594662
24,0,24,0.9635055065155029,25,0.55,0.726053,0.39932915,0.4969428379314763,0.840501,1.2472755500000001,1.5279564269732175,-0.993468,-2.1164074,-2.4786040396170432,0.547409,0.30107495000000006,0.37699111843077515,-0.814613,0.33696285,0.2427594323228477,0.415664,-1.3413848000000002,-0.9934875124655045,0.559506,0.3077283,0.4912308512885858,-0.935824,0.2702968,0.2427594323228477,-0.326465,-1.74955575,-2.050205041400253,-0.651034,-0.3580687,-0.23419145235851183,0.846074,1.2503407000000002,1.533668413616108,-1.201425,-2.23078375,-2.4100601999023565
25,0,25,1.0037128925323486,25,0.55,0.557611,0.30668605,0.4569589314312426,0.497022,1.0583621,1.533668413616108,-0.663655,-1.9350102500000002,-2.4786040396170432,0.042829,0.023555950000000003,0.14851165271515385,-0.345511,0.5949689499999999,0.17992757925105185,0.329333,-1.38886685,-0.9649275792510519,0.278377,0.15310735,0.4912308512885858,-0.688072,0.4065604,0.22562347239417613,0.199707,-1.46016115,-1.6960618695410399,-0.34148,-0.187814,-0.1942075458582781,0.863563,1.25995965,1.5508043735447796,-0.325056,-1.7487808,-2.4214841731881376
26,0,26,1.044130802154541,25,0.55,0.246979,0.13583845,0.35985515850210353,0.347896,0.9763428000000001,1.288052987971815,-0.475035,-1.83126925,-2.073052987971815,0.288006,0.1584033,0.257039398930074,-0.422105,0.55284225,0.31130327203753405,0.308621,-1.4002584500000002,-0.9649275792510519,0.224523,0.12348765,0.2627513855729645,-0.467937,0.52763465,0.17421559260816133,0.108823,-1.51014735,-1.6960618695410399,-0.297037,-0.16337035,-0.26846337221585503,0.670708,1.1538894000000002,1.4822605338300932,-0.312349,-1.74179195,-2.295820467044546
27,0,27,1.0841259956359863,25,0.55,0.173942,0.09566810000000002,0.35985515850210353,0.274809,0.9361449500000001,1.070997495541975,-0.28739,-1.7280645000000001,-1.9702372283997858,0.057659,0.03171245,0.18849555921538758,-0.291684,0.6245738000000001,0.46552691139557845,0.342057,-1.3818686500000001,-1.3819026041820606,0.011513,0.006332150000000001,0.2456154256442929,-0.100241,0.72986745,0.17421559260816133,0.033984,-1.5513088000000002,-1.7017738561839306,-0.118048,-0.06492640000000001,-0.2798873455016361,0.307479,0.95411345,1.3109009345433773,-0.065909,-1.60624995,-2.1187488811149393
28,0,28,1.124176025390625,25,0.55,0.118742,0.06530810000000001,0.23419145235851183,0.412624,1.0119432000000002,0.985317695898617,-0.19764,-1.6787020000000001,-1.878845442113537,0.220341,0.12118755000000002,0.11995171950070119,-0.644099,0.43074555000000003,0.5397827377531554,0.437472,-1.3293904,-1.4333104839680755,0.213704,0.11753720000000001,0.21705549242984024,-0.265814,0.6388023,0.2941673121088625,-0.149953,-1.65247415,-1.7131978294697117,-0.237045,-0.13037475,-0.2798873455016361,0.527417,1.07507935,1.2937649746147057,-0.129022,-1.6409621,-1.964525241756895
29,0,29,1.164264440536499,25,0.55,0.231771,0.12747405,0.07425582635757692,0.132122,0.8576671,0.9453337893983832,-0.021286,-1.5817073000000001,-1.7131978294697117,0.082093,0.04515115,0.10281575957202958,-0.905057,0.28721864999999996,0.6083265774678418,0.529096,-1.2789972,-1.4104625373965134,0.722648,0.3974564,0.11995171950070119,-0.15362,0.700509,0.5797666442533891,-0.492855,-1.84107025,-1.5703981633974484,-0.271793,-0.14948615,-0.17135959928671599,1.069034,1.3729687000000002,1.1852372283997856,-0.196974,-1.6783357,-1.964525241756895
30,0,30,1.2043325901031494,25,0.55,-0.046805,-0.025742750000000002,0.06854383971468639,0.049371,0.8121540500000001,1.0310135890417411,-0.02557,-1.5840635,-1.6960618695410399,0.009617,0.005289350000000001,0.11423973285781065,-0.280301,0.63083445,0.6083265774678418,0.468709,-1.31221005,-1.3933265774678418,0.507665,0.27921575000000004,0.10852774621492012,0.272354,0.9347947000000001,0.6597344572538566,-0.151756,-1.6534658,-1.5875341233261198,-0.217968,-0.1198824,-0.11423973285781065,0.735946,1.1897703000000002,1.070997495541975,0.049563,-1.54274035,-1.707485842826821
31,0,31,1.2443695068359375,25,0.55,0.163429,0.08988595,0.11423973285781065,-0.207524,0.6708618000000001,0.9453337893983832,0.058872,-1.5376204,-1.6389420031121347,0.13345,0.07339750000000002,0.06283185307179585,-0.668719,0.41720455,0.48266287132425006,0.575882,-1.2532649,-1.3933265774678418,1.07869,0.5,0.3141592653589793,0.128819,0.85585045,0.7454142568972145,-0.338512,-1.7561816000000001,-1.816013589041741,-0.383991,-0.21119505000000002,-0.17135959928671599,1.097834,1.3888087000000002,1.2195091482571288,-0.011989,-1.5765939500000001,-1.6789259096123685
32,0,32,1.2844927310943604,25,0.55,0.037278,0.0205029,-0.011423973285781066,0.099851,0.8399180500000001,0.8082461099690104,-0.139224,-1.6465732,-1.6389420031121347,0.05361,0.0294855,0.06283185307179585,-0.400295,0.56483775,0.3512871785377678,0.737804,-1.1642078,-1.3590546576104985,0.579663,0.31881465000000003,0.3370072119305414,0.160704,0.8733872,0.7682622034687767,-0.171796,-1.6644878,-1.7760296825415076,-0.124767,-0.06862185000000001,-0.17135959928671599,0.940787,1.3024328500000002,1.3565968276865017,-0.097622,-1.6236921,-1.6389420031121347
33,0,33,1.3245229721069336,25,0.55,0.149394,0.08216670000000001,0.05140787978601479,0.1083,0.844565,0.751126243540105,-0.123597,-1.63797835,-1.6046700832547915,-0.086148,-0.047381400000000004,0.06283185307179585,-0.054721,0.75490345,0.47123889803846897,0.58899,-1.2460555,-1.319070751110265,-0.117525,-0.06463875000000001,0.3827031050736657,-0.079661,0.74118645,0.8482300164692441,0.093782,-1.5184199,-1.781741669184398,0.074757,0.04111635,-0.15422363935804437,0.655802,1.1456911,1.3337488811149394,-0.043707,-1.59403885,-1.6160940565405726
34,0,34,1.3646323680877686,25,0.55,0.236629,0.13014595,0.022847946571562132,0.044745,0.80960975,0.7454142568972145,-0.047286,-1.5960073000000001,-1.598958096611901,-0.053423,-0.02938265,0.028559933214452663,-0.022899,0.77240555,0.5112228045387027,0.353742,-1.3754419,-1.2276789648240163,0.071507,0.039328850000000005,0.3827031050736657,-0.270353,0.6363058500000001,0.9510457760412737,0.197311,-1.46147895,-1.7189098161126022,0.130576,0.0718168,-0.09710377292913905,0.638464,1.1361552000000001,1.3337488811149394,-0.026314,-1.5844727,-1.6160940565405726
35,0,35,1.4047956466674805,25,0.55,0.148534,0.08169370000000001,0.03998390650023373,0.259623,0.92779265,0.8939259096123684,0.098965,-1.51556925,-1.6389420031121347,-0.020737,-0.01140535,-0.017135959928671597,-0.433532,0.5465574,0.728278296968543,0.589215,-1.24593175,-1.1876950583237826,0.114079,0.06274345,0.2284794657156213,-0.262118,0.6408351,0.8310940565405726,0.296164,-1.4071098,-1.7189098161126022,0.008526,0.0046893,-0.057119866428905326,0.967877,1.31733235,1.2423570948286908,-0.349269,-1.76209795,-1.6046700832547915
36,0,36,1.4448132514953613,25,0.55,0.059653,0.03280915,0.10852774621492012,0.144553,0.86450415,0.8425180298263536,0.274344,-1.4191108000000001,-1.6046700832547915,-0.193118,-0.10621490000000001,-0.057119866428905326,-0.120425,0.71876625,0.7853981633974483,0.420931,-1.33848795,-1.3761906175391703,0.066585,0.03662175000000001,0.11423973285781065,-0.148938,0.7030841,0.7339902836114335,0.095026,-1.5177357,-1.6446539897550252,0.002528,0.0013904,0.07996781300046746,0.595191,1.1123550500000001,1.1852372283997856,-0.152185,-1.65370175,-1.621806043183463
37,0,37,1.4849193096160889,25,0.55,-0.043086,-0.0236973,0.10281575957202958,-0.057631,0.75330295,0.8653659763979158,0.221211,-1.44833395,-1.524702270254324,-0.159564,-0.08776020000000001,-0.057119866428905326,-0.055446,0.7545047,0.7739741901116672,0.199697,-1.4601666500000001,-1.3533426709676082,0.151004,0.0830522,0.10281575957202958,0.030219,0.80162045,0.728278296968543,-0.066017,-1.60630935,-1.5304142568972146,-0.042812,-0.023546600000000004,-0.022847946571562132,0.427508,1.0201294,1.2252211349000193,0.021249,-1.55831305,-1.7017738561839306
38,0,38,1.52500319480896,25,0.55,-0.016381,-0.00900955,0.028559933214452663,-0.088176,0.7365032,0.825382069897682,-0.070887,-1.60898785,-1.4447344572538565,-0.058841,-0.032362550000000004,-0.13137569278648226,-0.013229,0.77772405,0.7454142568972145,0.193978,-1.4633121,-1.3590546576104985,0.09558,0.052569000000000005,0.07996781300046746,0.049429,0.81218595,0.7339902836114335,0.101897,-1.5139566500000001,-1.5189902836114335,-0.0369,-0.020295000000000004,-0.011423973285781066,0.438171,1.02599405,1.2252211349000193,0.151309,-1.4867800500000001,-1.6960618695410399
39,0,39,1.5651037693023682,25,0.55,-0.003346,-0.0018403000000000002,-0.022847946571562132,0.088216,0.8335188,0.7853981633974483,-0.017334,-1.5795337,-1.4561584305396376,0.028771,0.015824050000000003,-0.10852774621492012,0.027521,0.8001365500000001,0.7739741901116672,0.247643,-1.4337963500000002,-1.4675824038254186,0.058824,0.032353200000000006,0.09710377292913905,-0.023817,0.7719006500000001,0.739702270254324,0.135303,-1.49558335,-1.6046700832547915,-0.06705,-0.0368775,-0.07425582635757692,0.37742,0.992581,1.0253016023988506,0.146469,-1.48944205,-1.5703981633974484
40,0,40,1.6051886081695557,25,0.55,-0.000792,-0.0004356,-0.034271919857343194,0.182178,0.8851979000000001,0.7454142568972145,-0.09232,-1.620776,-1.524702270254324,0.112254,0.06173970000000001,-0.028559933214452663,0.06823,0.8225265,0.7682622034687767,0.154488,-1.4850316000000001,-1.5075663103256525,0.069197,0.03805835,0.07996781300046746,0.071118,0.8241149,0.7682622034687767,0.155091,-1.48469995,-1.6046700832547915,-0.10737,-0.0590535,-0.03998390650023373,0.357084,0.9813962,1.0481495489704127,0.290998,-1.4099511,-1.5703981633974484
41,0,41,1.6452436447143555,25,0.55,0.041944,0.0230692,-0.011423973285781066,-0.098725,0.7307012500000001,0.8596539897550252,-0.180545,-1.66929975,-1.6046700832547915,0.185266,0.1018963,-0.011423973285781066,0.242246,0.9182353000000001,0.8425180298263536,0.197838,-1.4611891000000001,-1.4732943904683093,0.041967,0.02308185,0.08567979964335799,0.088521,0.83368655,0.8539420031121346,0.090948,-1.5199786,-1.5532622034687766,-0.153467,-0.08440685,-0.045695893143124264,0.178781,0.88332955,1.0310135890417411,0.069428,-1.5318146000000001,-1.5475502168258863
42,0,42,1.6853361129760742,25,0.55,0.13178,0.07247900000000002,0.0,-0.226017,0.66069065,0.8653659763979158,-0.200389,-1.6802139500000002,-1.5875341233261198,0.124386,0.06841230000000001,0.017135959928671597,0.278706,0.9382883000000001,0.8539420031121346,0.245143,-1.43517135,-1.4904303503969807,0.081887,0.045037850000000004,0.06854383971468639,0.19926,0.8945930000000001,0.8425180298263536,0.043659,-1.54598755,-1.536126243540105,-0.146004,-0.0803022,-0.08567979964335799,0.108816,0.8448488000000001,0.9910296825415075,0.028936,-1.5540852,-1.4504464438967473
43,0,43,1.7254488468170166,25,0.55,0.181286,0.09970730000000001,0.045695893143124264,-0.211449,0.66870305,0.8425180298263536,-0.357047,-1.7663758500000002,-1.6560779630408065,0.095256,0.0523908,0.06283185307179585,0.288434,0.9436387,0.9281978294697116,0.082076,-1.5248582000000002,-1.513278296968543,0.080484,0.044266200000000006,0.06854383971468639,0.451111,1.03311105,0.8482300164692441,0.227266,-1.4450037,-1.5418382301829956,-0.150424,-0.0827332,-0.07996781300046746,0.020423,0.79623265,0.9910296825415075,0.051722,-1.5415529000000001,-1.5189902836114335
44,0,44,1.7654485702514648,25,0.55,0.10248,0.056364000000000004,0.057119866428905326,0.052637,0.81395035,0.6882943904683092,-0.041568,-1.5928624,-1.707485842826821,-0.121509,-0.06682995000000001,0.06854383971468639,0.014619,0.79304045,0.9510457760412737,-0.101527,-1.62583985,-1.5075663103256525,0.028497,0.015673350000000003,0.07996781300046746,0.275841,0.93671255,0.8596539897550252,0.020265,-1.55885425,-1.536126243540105,0.097927,0.05385985000000001,-0.14279966607226333,0.102901,0.8415955500000001,0.8653659763979158,0.142257,-1.49175865,-1.598958096611901
45,0,45,1.8055520057678223,25,0.55,0.026699,0.014684450000000002,0.06854383971468639,0.187434,0.8880887000000001,0.6368865106822944,-0.066946,-1.6068203,-1.7189098161126022,-0.24535,-0.13494250000000002,0.03998390650023373,-0.176527,0.68791015,0.9453337893983832,-0.299686,-1.7348273,-1.5075663103256525,0.133888,0.0736384,0.06283185307179585,0.126777,0.85472735,0.9167738561839305,0.096745,-1.5167902500000001,-1.5075663103256525,0.121306,0.06671830000000001,-0.10852774621492012,0.031527,0.8023398500000001,0.8596539897550252,0.122261,-1.5027564500000001,-1.5761101500403387
46,0,46,1.8455851078033447,25,0.55,0.119305,0.06561775,0.08567979964335799,0.070065,0.82353575,0.8425180298263536,-0.168836,-1.6628598,-1.7189098161126022,-0.18582,-0.10220100000000001,-0.07996781300046746,-0.198848,0.6756336000000001,0.7796861767545578,-0.227393,-1.6950661500000002,-1.6960618695410399,0.162187,0.08920285,0.06283185307179585,0.087173,0.83294515,0.9167738561839305,0.130929,-1.4979890500000002,-1.5075663103256525,0.057873,0.03183015,-0.05140787978601479,0.157109,0.8714099500000001,0.8596539897550252,0.177021,-1.47263845,-1.5875341233261198
47,0,47,1.8857173919677734,25,0.55,0.003712,0.0020416,0.08567979964335799,0.366147,0.9863808500000001,0.922485842826821,-0.13194,-1.642567,-1.6389420031121347,-0.160628,-0.0883454,-0.13708767942937278,-0.294043,0.62327635,0.7168543236827619,-0.209954,-1.6854747,-1.7303337893983832,0.147095,0.08090225000000001,0.06854383971468639,0.012932,0.7921126000000001,0.9453337893983832,-0.035529,-1.58954095,-1.5532622034687766,0.098535,0.054194250000000006,0.011423973285781066,0.391752,1.0004636,0.8539420031121346,0.141502,-1.4921739,-1.5418382301829956
48,0,48,1.9258100986480713,25,0.55,0.002896,0.0015928000000000001,0.08567979964335799,0.148719,0.86679545,0.8996378962552589,-0.159713,-1.65784215,-1.6846378962552588,-0.079316,-0.043623800000000004,-0.11995171950070119,-0.179188,0.6864466,0.6654464438967471,0.042202,-1.5467889000000001,-1.6846378962552588,-0.066641,-0.036652550000000006,0.07996781300046746,0.201241,0.8956825500000001,0.8939259096123684,-0.083022,-1.6156621,-1.5418382301829956,0.037754,0.020764700000000004,0.022847946571562132,0.339594,0.9717767,0.8539420031121346,-0.02328,-1.582804,-1.5418382301829956
49,0,49,1.965874195098877,25,0.55,0.210496,0.11577280000000001,0.045695893143124264,0.025186,0.7988523000000001,0.8425180298263536,-0.4185,-1.800175,-1.6503659763979157,-0.071084,-0.0390962,-0.11423973285781065,0.116018,0.8488099,0.6597344572538566,0.043033,-1.54633185,-1.7131978294697117,-0.011217,-0.0061693500000000005,0.07996781300046746,0.197881,0.89383455,0.8653659763979158,0.160735,-1.48159575,-1.5932461099690105,-0.040877,-0.02248235,-0.005711986642890533,0.291855,0.9455202500000001,0.8539420031121346,0.088333,-1.52141685,-1.5475502168258863
50,0,50,2.006082534790039,25,0.55,0.181454,0.0997997,0.028559933214452663,-0.169907,0.69155115,0.9396218027554927,-0.349755,-1.76236525,-1.6560779630408065,0.067279,0.03700345000000001,-0.09710377292913905,0.113869,0.84762795,0.7054303503969808,0.167619,-1.4778095500000001,-1.6732139229694778,0.049637,0.02730035,0.022847946571562132,0.274315,0.93587325,0.8825019363265874,0.063781,-1.53492045,-1.6275180298263536,-0.136655,-0.07516025000000001,0.017135959928671597,0.18176,0.8849680000000001,0.996741669184398,-0.016971,-1.5793340500000002,-1.5532622034687766
51,0,51,2.046421766281128,25,0.55,0.16757,0.09216350000000001,0.03998390650023373,-0.237741,0.65424245,0.7968221366832293,-0.166409,-1.66152495,-1.7703176958986169,0.098291,0.054060050000000005,-0.06854383971468639,0.14135,0.8627425000000001,0.8196700832547915,0.069886,-1.5315627,-1.5818221366832295,0.003436,0.0018898,0.028559933214452663,0.318976,0.9604368000000001,0.8996378962552589,0.059609,-1.5372150500000001,-1.5589741901116674,-0.063081,-0.034694550000000005,0.017135959928671597,0.067922,0.8223571000000001,0.996741669184398,-0.012485,-1.57686675,-1.5532622034687766
52,0,52,2.0864291191101074,25,0.55,0.167193,0.09195615000000001,0.10852774621492012,-0.219221,0.6644284500000001,0.6940063771111997,-0.142097,-1.64815335,-1.7531817359699455,0.046038,0.025320900000000004,0.005711986642890533,0.245946,0.9202703000000001,0.8825019363265874,0.013354,-1.5626553,-1.5646861767545577,-0.043017,-0.023659350000000003,0.028559933214452663,0.469043,1.04297365,0.9567577626841642,0.186671,-1.46733095,-1.5532622034687766,0.002223,0.0012226500000000003,-0.06854383971468639,0.135,0.8592500000000001,0.8882139229694779,0.044013,-1.54579285,-1.5761101500403387
53,0,53,2.1265554428100586,25,0.55,0.035785,0.01968175,0.13137569278648226,-0.061892,0.7509594,0.6940063771111997,0.237157,-1.43956365,-1.6903498828981496,0.020481,0.01126455,0.005711986642890533,0.103834,0.8421087,0.91106186954104,-0.339216,-1.7565688000000002,-1.5646861767545577,0.087309,0.048019950000000006,0.028559933214452663,0.304203,0.9523116500000001,1.0024536558272885,0.087768,-1.5217276,-1.536126243540105,0.116421,0.06403155,-0.057119866428905326,0.142058,0.8631319000000001,0.8596539897550252,0.20457,-1.4574865000000001,-1.5646861767545577
54,0,54,2.166607618331909,25,0.55,-0.030145,-0.01657975,0.14851165271515385,-0.011853,0.77848085,0.6882943904683092,0.117909,-1.5051500500000001,-1.6903498828981496,-0.191175,-0.10514625000000001,0.028559933214452663,-0.118165,0.72000925,0.8939259096123684,-0.394749,-1.7871119500000001,-1.5418382301829956,0.157998,0.0868989,0.022847946571562132,0.055222,0.8153721,1.0138776291130696,0.076366,-1.5279987000000002,-1.4847183637540904,0.076344,0.0419892,-0.017135959928671597,0.049328,0.8121304,0.8767899496836968,0.17425,-1.4741625,-1.5818221366832295
55,0,55,2.206749200820923,25,0.55,0.034697,0.019083350000000002,0.10852774621492012,0.013056,0.7921808,0.7739741901116672,-0.056802,-1.6012411,-1.5761101500403387,-0.153313,-0.08432215000000001,0.011423973285781066,-0.185451,0.68300195,0.7739741901116672,-0.326125,-1.7493687500000001,-1.6846378962552588,0.206295,0.11346225000000001,0.03998390650023373,0.070203,0.82361165,0.9910296825415075,0.069725,-1.5316512500000001,-1.4961423370398714,0.035431,0.01948705,-0.005711986642890533,0.268603,0.93273165,0.8596539897550252,0.238338,-1.4389141,-1.5703981633974484
56,0,56,2.2467567920684814,25,0.55,-0.134058,-0.07373190000000002,0.07425582635757692,0.297534,0.9486437000000001,0.7796861767545578,0.030862,-1.5530259,-1.5703981633974484,-0.085749,-0.04716195000000001,-0.11995171950070119,-0.341802,0.5970089000000001,0.6997183637540902,-0.166239,-1.66143145,-1.80458961575596,0.212363,0.11679965,0.09139178628624853,-0.002837,0.78343965,0.8996378962552589,-0.117743,-1.63475865,-1.536126243540105,-0.01583,-0.0087065,0.005711986642890533,0.320472,0.9612596,0.8825019363265874,0.082921,-1.52439345,-1.5418382301829956
57,0,57,2.2868552207946777,25,0.55,0.067515,0.037133250000000007,0.06854383971468639,0.252469,0.92385795,0.8082461099690104,-0.062076,-1.6041418,-1.5646861767545577,-0.108942,-0.0599181,-0.11995171950070119,-0.101373,0.7292448500000001,0.7168543236827619,-0.095936,-1.6227648000000001,-1.7760296825415076,0.066589,0.03662395,0.11995171950070119,0.041663,0.8079146500000001,0.8825019363265874,0.060988,-1.5364566000000002,-1.5304142568972146,0.060287,0.03315785,-0.022847946571562132,0.386318,0.9974749,0.8939259096123684,0.137036,-1.4946302,-1.5418382301829956
58,0,58,2.326915979385376,25,0.55,0.161887,0.08903785000000002,-0.005711986642890533,0.105054,0.8427797,0.9281978294697116,-0.348347,-1.7615908500000002,-1.5646861767545577,0.012263,0.0067446500000000005,-0.07996781300046746,0.042698,0.8084839,0.6597344572538566,0.201123,-1.45938235,-1.7131978294697117,-0.11996,-0.06597800000000001,0.11423973285781065,0.036414,0.8050277,0.8368060431834631,0.132722,-1.4970029,-1.5932461099690105,0.065154,0.035834700000000004,0.005711986642890533,0.377916,0.9928538,0.9567577626841642,0.046887,-1.5442121500000001,-1.513278296968543
59,0,59,2.3669917583465576,25,0.55,0.24728,0.136004,-0.005711986642890533,-0.183509,0.68407005,0.9681817359699454,-0.365181,-1.77084955,-1.598958096611901,-0.035055,-0.019280250000000002,-0.09710377292913905,0.044768,0.8096224000000001,0.728278296968543,0.104141,-1.51272245,-1.6675019363265875,0.09185,0.05051750000000001,0.10852774621492012,0.143523,0.86393765,0.7796861767545578,0.178033,-1.4720818500000001,-1.5703981633974484,-0.238112,-0.1309616,0.017135959928671597,0.190181,0.88959955,0.996741669184398,-0.036047,-1.58982585,-1.513278296968543
60,0,60,2.4071600437164307,25,0.55,0.161383,0.08876065000000001,0.08567979964335799,-0.216238,0.6660691,0.7968221366832293,-0.204313,-1.68237215,-1.793165642470179,-0.018922,-0.0104071,-0.03998390650023373,0.083973,0.83118515,0.8539420031121346,0.113496,-1.5075772,-1.5703981633974484,0.104038,0.057220900000000005,0.028559933214452663,0.232618,0.9129399,0.8310940565405726,0.028886,-1.5541127000000001,-1.5818221366832295,-0.152804,-0.0840422,0.0,0.079104,0.8285072,1.008165642470179,-0.039451,-1.59169805,-1.524702270254324
61,0,61,2.4471418857574463,25,0.55,0.023123,0.012717650000000002,0.13137569278648226,-0.188402,0.6813789,0.728278296968543,0.0019,-1.568955,-1.7988776291130697,0.038285,0.021056750000000003,-0.057119866428905326,0.194329,0.89188095,0.8710779630408063,-0.048655,-1.59676025,-1.5532622034687766,0.085438,0.0469909,0.06283185307179585,0.340725,0.97239875,0.8996378962552589,0.068064,-1.5325648,-1.5818221366832295,-0.055292,-0.030410600000000003,-0.10852774621492012,0.180662,0.8843641,0.8996378962552589,0.037717,-1.54925565,-1.598958096611901
62,0,62,2.4871764183044434,25,0.55,-0.048939,-0.026916450000000005,0.08567979964335799,0.006264,0.7884452000000001,0.6882943904683092,0.258477,-1.42783765,-1.6960618695410399,-0.044662,-0.024564100000000002,-0.017135959928671597,0.12514,0.853827,0.8710779630408063,-0.261585,-1.71387175,-1.5532622034687766,0.041518,0.0228349,0.057119866428905326,0.11371,0.8475405,0.91106186954104,0.078174,-1.5270043,-1.5589741901116674,0.087096,0.04790280000000001,-0.09139178628624853,0.178867,0.88337685,0.825382069897682,0.14481,-1.4903545,-1.6160940565405726
63,0,63,2.527221441268921,25,0.55,0.01775,0.0097625,0.057119866428905326,0.081261,0.82969355,0.6997183637540902,-0.009449,-1.57519695,-1.6446539897550252,-0.157631,-0.08669705,0.005711986642890533,-0.051544,0.7566508000000001,0.8653659763979158,-0.355721,-1.76564655,-1.5875341233261198,0.075265,0.04139575,0.057119866428905326,0.136877,0.8602823500000001,0.91106186954104,0.097526,-1.5163607000000001,-1.536126243540105,-0.00358,-0.0019690000000000003,-0.03998390650023373,0.114535,0.8479942500000001,0.91106186954104,0.171355,-1.4757547500000001,-1.6046700832547915
64,0,64,2.567270517349243,25,0.55,-0.062192,-0.0342056,0.045695893143124264,0.12004,0.8510220000000001,0.7682622034687767,0.036169,-1.55010705,-1.536126243540105,-0.165641,-0.09110255000000002,-0.005711986642890533,-0.281852,0.6299814,0.8653659763979158,-0.212319,-1.68677545,-1.6846378962552588,0.190187,0.10460285000000001,0.034271919857343194,0.000574,0.7853157000000001,0.9167738561839305,-0.063716,-1.6050438,-1.5418382301829956,0.055344,0.0304392,-0.057119866428905326,0.188716,0.8887938000000001,0.8825019363265874,0.145307,-1.49008115,-1.536126243540105
65,0,65,2.607344150543213,25,0.55,-0.062202,-0.0342111,0.034271919857343194,0.255091,0.92530005,0.8368060431834631,0.068696,-1.5322172,-1.536126243540105,-0.063067,-0.034686850000000005,-0.09139178628624853,-0.296846,0.6217347,0.7796861767545578,-0.172283,-1.66475565,-1.7874536558272887,0.211635,0.11639925000000001,0.034271919857343194,-0.074208,0.7441856,0.9339098161126022,-0.03832,-1.5910760000000002,-1.5761101500403387,0.011188,0.006153400000000001,-0.057119866428905326,0.385969,0.99728295,0.8825019363265874,0.196522,-1.4619129,-1.5189902836114335
66,0,66,2.647409200668335,25,0.55,0.124602,0.06853110000000001,-0.005711986642890533,0.239452,0.9166986,0.8368060431834631,-0.322352,-1.7472936000000001,-1.5932461099690105,0.046135,0.025374250000000004,-0.11995171950070119,-0.063938,0.7498341000000001,0.6654464438967471,0.319797,-1.3941116500000001,-1.7474697493270548,-0.128373,-0.07060515,0.07996781300046746,0.128663,0.85576465,0.8710779630408063,0.137371,-1.49444595,-1.5875341233261198,-0.014953,-0.00822415,-0.011423973285781066,0.364203,0.9853116500000001,0.8710779630408063,0.037952,-1.5491264,-1.513278296968543
67,0,67,2.6874988079071045,25,0.55,0.264509,0.14547995,0.011423973285781066,-0.031184,0.7678488,0.9167738561839305,-0.462677,-1.8244723500000002,-1.5532622034687766,0.022204,0.012212200000000001,-0.017135959928671597,-0.006839,0.78123855,0.6654464438967471,0.257228,-1.4285246,-1.7189098161126022,-0.07349,-0.040419500000000004,0.10852774621492012,0.119426,0.8506843000000001,0.825382069897682,0.143664,-1.4909848,-1.6560779630408065,-0.157969,-0.08688295,-0.017135959928671597,0.319915,0.96095325,0.9281978294697116,-0.027443,-1.5850936500000001,-1.513278296968543
68,0,68,2.7276086807250977,25,0.55,0.2021,0.111155,0.07996781300046746,-0.209892,0.6695594,0.8653659763979158,-0.296354,-1.7329947,-1.6046700832547915,0.035272,0.0193996,-0.017135959928671597,0.075536,0.8265448000000001,0.7568382301829956,0.20251,-1.4586195,-1.5646861767545577,0.030196,0.016607800000000002,0.045695893143124264,0.177736,0.8827548000000001,0.813958096611901,0.05243,-1.5411635000000001,-1.598958096611901,-0.224939,-0.12371645,-0.022847946571562132,0.119865,0.85092575,0.985317695898617,-0.088054,-1.6184297,-1.5189902836114335
69,0,69,2.7676491737365723,25,0.55,0.211253,0.11618915,0.13137569278648226,-0.33617,0.6001065,0.7625502168258862,-0.250573,-1.70781515,-1.855997495541975,0.048451,0.026648050000000003,-0.005711986642890533,0.199726,0.8948493000000001,0.8082461099690104,0.129365,-1.4988492500000001,-1.5189902836114335,0.02097,0.0115335,0.017135959928671597,0.446772,1.0307246,0.8539420031121346,0.137838,-1.4941891,-1.5646861767545577,-0.078118,-0.04296490000000001,-0.10852774621492012,0.06211,0.8191605000000001,0.9567577626841642,-0.050333,-1.5976831500000002,-1.598958096611901
70,0,70,2.8077280521392822,25,0.55,0.166915,0.09180325000000002,0.13137569278648226,-0.143797,0.70591165,0.7111423370398714,-0.145348,-1.6499414000000001,-1.7531817359699455,0.009437,0.00519035,0.011423973285781066,0.227939,0.91036645,0.8710779630408063,0.10473,-1.5123985,-1.513278296968543,-0.119468,-0.06570740000000001,0.034271919857343194,0.268008,0.9324044,0.8996378962552589,0.029773,-1.55362485,-1.5418382301829956,0.030877,0.016982350000000004,-0.11995171950070119,0.13554,0.8595470000000001,0.8939259096123684,-0.009612,-1.5752866,-1.6332300164692442
71,0,71,2.8478035926818848,25,0.55,0.096594,0.053126700000000006,0.13137569278648226,0.022604,0.7974322,0.6540224706109661,0.021341,-1.55826245,-1.707485842826821,-0.135958,-0.07477690000000001,0.0,0.129471,0.85620905,0.8710779630408063,-0.306073,-1.73834015,-1.5075663103256525,-0.030035,-0.01651925,0.03998390650023373,0.26706,0.931883,0.9053498828981494,0.154723,-1.48490235,-1.5418382301829956,0.106735,0.05870425,-0.05140787978601479,0.038232,0.8060276000000001,0.8482300164692441,0.227483,-1.4448843500000002,-1.5761101500403387
72,0,72,2.887876033782959,25,0.55,0.012717,0.00699435,0.1256637061435917,0.01026,0.790643,0.6654464438967471,0.121135,-1.50337575,-1.6675019363265875,-0.129799,-0.07138945000000001,0.011423973285781066,-0.049903,0.75755335,0.91106186954104,-0.410785,-1.79593175,-1.5304142568972146,0.108785,0.05983175000000001,0.034271919857343194,0.013962,0.7926791000000001,1.0424375623275224,0.044712,-1.5454084000000001,-1.5589741901116674,0.067536,0.037144800000000006,-0.017135959928671597,0.007931,0.78936205,0.8767899496836968,0.206266,-1.4565537,-1.5589741901116674
73,0,73,2.9279656410217285,25,0.55,0.009525,0.00523875,0.08567979964335799,0.020477,0.79626235,0.7454142568972145,-0.042775,-1.59352625,-1.6389420031121347,-0.112024,-0.06161320000000001,-0.045695893143124264,-0.207996,0.6706022,0.922485842826821,-0.25951,-1.7127305000000002,-1.7360457760412737,0.313421,0.17238155000000002,0.0,0.060805,0.81844275,0.9567577626841642,0.040598,-1.5476711,-1.4961423370398714,-0.045512,-0.0250316,-0.017135959928671597,0.219623,0.9057926500000001,0.8767899496836968,0.215933,-1.4512368500000001,-1.5532622034687766
74,0,74,2.9680655002593994,25,0.55,0.058587,0.032222850000000004,0.07996781300046746,0.323866,0.9631263000000001,0.8825019363265874,0.151172,-1.4868554,-1.5532622034687766,-0.153555,-0.08445525000000001,-0.07425582635757692,-0.237187,0.65454715,0.7568382301829956,-0.241001,-1.70255055,-1.8217255756846318,0.172594,0.0949267,0.011423973285781066,-0.078801,0.74165945,0.9339098161126022,0.010383,-1.5642893500000001,-1.5075663103256525,-0.045125,-0.02481875,-0.028559933214452663,0.241349,0.91774195,0.8539420031121346,0.077331,-1.5274679500000001,-1.524702270254324
75,0,75,3.0082082748413086,25,0.55,-0.028216,-0.015518800000000003,0.057119866428905326,0.29908,0.9494940000000001,0.8596539897550252,-0.082495,-1.61537225,-1.5932461099690105,-0.065114,-0.0358127,-0.07996781300046746,-0.141398,0.7072311,0.7225663103256524,-0.043045,-1.5936747500000001,-1.7703176958986169,0.0909,0.049995,0.19991953250116865,0.004364,0.7874002,0.8539420031121346,0.036579,-1.54988155,-1.5761101500403387,0.061499,0.03382445,0.017135959928671597,0.402953,1.00662415,0.8767899496836968,0.244558,-1.4354931,-1.5304142568972146
76,0,76,3.04856014251709,25,0.55,0.293155,0.16123525000000002,0.05140787978601479,0.117823,0.84980265,0.9281978294697116,-0.391848,-1.7855164000000001,-1.5189902836114335,-0.003375,-0.00185625,-0.07996781300046746,0.118269,0.85004795,0.6825824038254187,-0.083365,-1.6158507500000001,-1.7474697493270548,-0.032346,-0.017790300000000002,0.1256637061435917,0.014562,0.7930091,0.8539420031121346,0.214627,-1.45195515,-1.5589741901116674,-0.020244,-0.011134200000000002,-0.017135959928671597,0.250493,0.9227711500000001,0.8996378962552589,0.126032,-1.5006824,-1.513278296968543
77,0,77,3.0886240005493164,25,0.55,0.201223,0.11067265000000001,0.022847946571562132,-0.145255,0.70510975,0.9510457760412737,-0.282604,-1.7254322000000002,-1.621806043183463,0.02216,0.012188000000000001,-0.057119866428905326,0.085548,0.8320514,0.7339902836114335,0.069974,-1.5315143,-1.6732139229694778,0.044477,0.024462350000000004,0.09139178628624853,0.141073,0.86259015,0.8082461099690104,0.088334,-1.5214163,-1.5703981633974484,-0.203506,-0.11192830000000001,0.0,0.138049,0.8609269500000001,0.9738937226128359,-0.069758,-1.6083669,-1.5189902836114335
78,0,78,3.1286916732788086,25,0.55,0.191401,0.10527055,0.06854383971468639,-0.27866,0.631737,0.8710779630408063,-0.236968,-1.7003324000000002,-1.7703176958986169,0.103253,0.056789150000000004,-0.05140787978601479,0.110053,0.8455291500000001,0.7339902836114335,-0.017525,-1.57963875,-1.6846378962552588,0.04662,0.025641000000000004,0.06283185307179585,0.326902,0.9647961,0.8082461099690104,0.075868,-1.5282726,-1.5532622034687766,-0.085585,-0.04707175,-0.028559933214452663,0.049735,0.81235425,0.9681817359699454,0.008175,-1.56550375,-1.513278296968543
79,0,79,3.168750524520874,25,0.55,0.144008,0.07920440000000001,0.09139178628624853,-0.222259,0.66275755,0.6882943904683092,-0.157459,-1.65660245,-1.7703176958986169,-0.044337,-0.024385350000000004,-0.028559933214452663,0.292498,0.9458739,0.91106186954104,0.015407,-1.5615261500000002,-1.610382069897682,0.104207,0.05731385,0.05140787978601479,0.303812,0.9520966000000001,0.8710779630408063,0.123916,-1.5018462000000001,-1.536126243540105,0.009048,0.004976400000000001,-0.06854383971468639,0.144309,0.86436995,0.9681817359699454,0.095599,-1.51742055,-1.5932461099690105
80,0,80,3.2088184356689453,25,0.55,0.054915,0.03020325,0.11423973285781065,-0.032811,0.76695395,0.6483104839680756,0.061612,-1.5361134,-1.7017738561839306,-0.037548,-0.0206514,0.0,0.11735,0.8495425000000001,0.91106186954104,-0.195443,-1.6774936500000002,-1.6275180298263536,0.040521,0.022286550000000002,0.057119866428905326,0.277805,0.9377927500000001,0.8996378962552589,0.120455,-1.50374975,-1.536126243540105,0.040743,0.022408650000000002,-0.06283185307179585,0.178345,0.88308975,0.8310940565405726,0.195618,-1.4624101,-1.610382069897682
81,0,81,3.2489237785339355,25,0.55,0.085116,0.0468138,0.1256637061435917,0.098105,0.8389577500000001,0.6483104839680756,-0.071224,-1.6091732,-1.6846378962552588,-0.143272,-0.07879960000000001,-0.022847946571562132,-0.048233,0.7584718500000001,0.922485842826821,-0.360031,-1.76801705,-1.598958096611901,0.083179,0.04574845,0.057119866428905326,0.092217,0.8357193500000001,0.9624697493270548,0.091713,-1.51955785,-1.5075663103256525,0.022435,0.012339250000000001,-0.05140787978601479,0.124698,0.8535839000000001,0.8710779630408063,0.172827,-1.4749451500000001,-1.5875341233261198
82,0,82,3.2890210151672363,25,0.55,0.011621,0.00639155,0.09139178628624853,0.227593,0.9101761500000001,0.7853981633974483,-0.027398,-1.5850689,-1.610382069897682,-0.140553,-0.07730415000000002,-0.017135959928671597,-0.312547,0.61309915,0.922485842826821,-0.295386,-1.7324623000000001,-1.6560779630408065,0.208962,0.11492910000000002,0.028559933214452663,0.011576,0.7913668,0.9624697493270548,-0.063654,-1.6050097,-1.513278296968543,-0.019105,-0.010507750000000001,-0.028559933214452663,0.369471,0.98820905,0.8882139229694779,0.186488,-1.4674316,-1.5418382301829956
83,0,83,3.329110622406006,25,0.55,0.019352,0.010643600000000001,0.09139178628624853,0.280499,0.9392744500000001,0.8710779630408063,0.064449,-1.53455305,-1.6389420031121347,-0.171325,-0.09422875000000001,-0.057119866428905326,-0.277182,0.6325499,0.922485842826821,-0.157773,-1.65677515,-1.7360457760412737,0.139079,0.07649345,0.07996781300046746,-0.044418,0.7605701,0.813958096611901,-0.035096,-1.5893028,-1.4961423370398714,-0.0222,-0.012210000000000002,-0.017135959928671597,0.328466,0.9656563,0.922485842826821,0.136163,-1.49511035,-1.5304142568972146
84,0,84,3.3691906929016113,25,0.55,0.056808,0.031244400000000002,0.08567979964335799,0.287919,0.9433554500000001,0.9167738561839305,-0.109067,-1.62998685,-1.610382069897682,-0.119087,-0.06549785000000001,-0.09710377292913905,-0.064658,0.7494381,0.6711584305396376,-0.094252,-1.6218386,-1.7474697493270548,0.05034,0.027687000000000003,0.11995171950070119,-0.078703,0.74171335,0.8539420031121346,0.086346,-1.5225097,-1.6275180298263536,0.117066,0.06438630000000001,0.011423973285781066,0.365715,0.98614325,0.9281978294697116,0.239045,-1.43852525,-1.4618704171825283
85,0,85,3.4092626571655273,25,0.55,0.210659,0.11586245000000002,0.06283185307179585,0.110441,0.84574255,0.9339098161126022,-0.404294,-1.7923617,-1.5646861767545577,-0.012148,-0.006681400000000001,-0.09710377292913905,0.055411,0.81547605,0.6711584305396376,0.191404,-1.4647278000000001,-1.7017738561839306,-0.052634,-0.0289487,0.11995171950070119,0.205692,0.8981306,0.8539420031121346,0.158353,-1.48290585,-1.621806043183463,0.005261,0.0028935500000000004,0.028559933214452663,0.41006,1.0105330000000001,0.9167738561839305,0.194825,-1.4628462500000001,-1.524702270254324
86,0,86,3.4493837356567383,25,0.55,0.277548,0.15265140000000002,0.028559933214452663,-0.147974,0.7036143,0.9624697493270548,-0.389172,-1.7840446,-1.6160940565405726,-0.136281,-0.07495455000000001,-0.08567979964335799,0.051466,0.8133063,0.7225663103256524,0.07735,-1.5274575000000001,-1.7017738561839306,0.100587,0.05532285,0.07425582635757692,0.157974,0.8718857,0.825382069897682,0.160282,-1.4818449,-1.598958096611901,-0.158503,-0.08717665000000001,0.028559933214452663,0.172281,0.87975455,0.985317695898617,0.008579,-1.5652815500000001,-1.4618704171825283
87,0,87,3.4894862174987793,25,0.55,0.197554,0.1086547,0.11995171950070119,-0.270532,0.6362074,0.7968221366832293,-0.26361,-1.7149855,-1.816013589041741,-0.059996,-0.0329978,-0.08567979964335799,0.250402,0.9227211000000001,0.8596539897550252,0.210598,-1.4541711,-1.5818221366832295,0.039082,0.0214951,0.034271919857343194,0.273253,0.93528915,0.8596539897550252,-0.017365,-1.5795507500000001,-1.5646861767545577,-0.112833,-0.062058150000000006,0.028559933214452663,0.062988,0.8196434,0.985317695898617,-0.041348,-1.5927414,-1.4447344572538565
88,0,88,3.5295071601867676,25,0.55,0.020411,0.01122605,0.14279966607226333,-0.267457,0.63789865,0.751126243540105,-0.091073,-1.62009015,-1.80458961575596,0.023221,0.01277155,-0.07996781300046746,0.210011,0.9005060500000001,0.8653659763979158,0.108372,-1.5103954000000002,-1.5646861767545577,0.030602,0.0168311,0.06283185307179585,0.338451,0.97114805,0.9396218027554927,0.009864,-1.5645748000000002,-1.524702270254324,-0.092977,-0.051137350000000005,-0.07425582635757692,0.000587,0.78532285,0.8996378962552589,0.029458,-1.5537981,-1.610382069897682
89,0,89,3.5697736740112305,25,0.55,0.011477,0.00631235,0.14279966607226333,-0.041182,0.7623499,0.6425984973251849,0.041189,-1.54734605,-1.80458961575596,-0.136592,-0.0751256,-0.05140787978601479,0.205644,0.8981042,0.8939259096123684,-0.205743,-1.68315865,-1.5475502168258863,0.014868,0.0081774,0.057119866428905326,0.327103,0.9649066500000001,0.9567577626841642,0.157786,-1.4832177,-1.5475502168258863,0.035851,0.01971805,-0.07425582635757692,0.05681,0.8162455000000001,0.8025341233261198,0.279327,-1.41637015,-1.6160940565405726
90,0,90,3.6097207069396973,25,0.55,0.017041,0.00937255,0.06854383971468639,0.018558,0.7952069,0.6711584305396376,0.124787,-1.50136715,-1.7017738561839306,-0.183565,-0.10096075000000002,0.0,-0.143977,0.70581265,0.9053498828981494,-0.343801,-1.75909055,-1.5532622034687766,0.125931,0.06926205,0.057119866428905326,0.176034,0.8818187000000001,0.9567577626841642,0.057804,-1.5382078000000001,-1.5532622034687766,0.052297,0.028763350000000003,-0.05140787978601479,0.063134,0.8197237,0.8082461099690104,0.247762,-1.4337309,-1.610382069897682
91,0,91,3.6498186588287354,25,0.55,-0.055119,-0.030315450000000004,0.057119866428905326,0.086235,0.83242925,0.6711584305396376,0.026759,-1.55528255,-1.7017738561839306,-0.15841,-0.08712550000000001,-0.022847946571562132,-0.281089,0.63040105,0.8710779630408063,-0.242029,-1.7031159500000002,-1.6046700832547915,0.104837,0.057660350000000006,0.005711986642890533,0.025491,0.79902005,0.9681817359699454,-0.045383,-1.59496065,-1.4961423370398714,0.00168,0.0009240000000000001,-0.06283185307179585,0.19055,0.8898025,0.8025341233261198,0.078802,-1.5266589000000002,-1.524702270254324
92,0,92,3.689877510070801,25,0.55,-0.004807,-0.00264385,0.034271919857343194,0.286907,0.9427988500000001,0.7625502168258862,0.000835,-1.56954075,-1.5761101500403387,-0.13981,-0.0768955,-0.10852774621492012,-0.285751,0.6278369500000001,0.7225663103256524,-0.118251,-1.6350380500000001,-1.7646057092557266,0.083943,0.046168650000000006,0.06283185307179585,0.156851,0.8712680500000001,0.8825019363265874,-0.161454,-1.6587997,-1.5304142568972146,-0.031469,-0.01730795,-0.034271919857343194,0.344664,0.9745652,0.8767899496836968,0.020892,-1.5585094000000002,-1.524702270254324
93,0,93,3.729989767074585,25,0.55,0.096841,0.053262550000000006,0.034271919857343194,0.267397,0.93206835,0.825382069897682,-0.200604,-1.6803322,-1.5589741901116674,-0.012708,-0.006989400000000001,-0.13137569278648226,-0.091863,0.7344753500000001,0.6540224706109661,0.21193,-1.4534385,-1.7531817359699455,-0.084434,-0.0464387,0.045695893143124264,0.227572,0.9101646000000001,0.813958096611901,-0.011796,-1.5764878,-1.6160940565405726,0.004086,0.0022473000000000003,-0.022847946571562132,0.316007,0.95880385,0.8939259096123684,0.080395,-1.52578275,-1.536126243540105
94,0,94,3.7700448036193848,25,0.55,0.317322,0.17452710000000002,0.022847946571562132,0.03418,0.803799,0.91106186954104,-0.43484,-1.8091620000000002,-1.5532622034687766,0.046437,0.02554035,-0.08567979964335799,0.094007,0.83670385,0.6483104839680756,0.151621,-1.48660845,-1.707485842826821,-0.162914,-0.08960270000000001,0.07425582635757692,0.152298,0.8687639,0.8196700832547915,0.075519,-1.52846455,-1.6675019363265875,-0.011249,-0.006186950000000001,-0.017135959928671597,0.285486,0.9420173000000001,0.9624697493270548,0.018848,-1.5596336,-1.5589741901116674
95,0,95,3.8101229667663574,25,0.55,0.230112,0.12656160000000002,0.06283185307179585,-0.225827,0.66079515,0.8996378962552589,-0.26355,-1.7149525,-1.6046700832547915,0.017955,0.00987525,-0.017135959928671597,-0.068306,0.7474317,0.7682622034687767,0.057379,-1.5384415500000002,-1.5818221366832295,-0.117608,-0.0646844,-0.005711986642890533,0.351,0.9780500000000001,0.8939259096123684,0.104795,-1.51236275,-1.6275180298263536,-0.143104,-0.0787072,-0.022847946571562132,0.052494,0.8138717,0.9738937226128359,-0.027638,-1.5852009,-1.5589741901116674
96,0,96,3.8502166271209717,25,0.55,0.133185,0.07325175,0.13708767942937278,-0.227818,0.6597001,0.7796861767545578,-0.046216,-1.5954188,-1.816013589041741,0.071055,0.03908025,-0.011423973285781066,0.184485,0.8864667500000001,0.813958096611901,0.017033,-1.56063185,-1.5475502168258863,0.025694,0.014131700000000002,-0.011423973285781066,0.338446,0.9711453000000001,0.8939259096123684,0.067869,-1.53267205,-1.5932461099690105,0.025659,0.014112450000000002,-0.017135959928671597,0.088121,0.83346655,0.9738937226128359,-0.004082,-1.5722451,-1.5589741901116674
97,0,97,3.8902828693389893,25,0.55,0.065945,0.03626975,0.15422363935804437,-0.035255,0.76560975,0.7168543236827619,0.126392,-1.5004844,-1.816013589041741,0.030618,0.0168399,0.0,0.1603,0.8731650000000001,0.8310940565405726,-0.282862,-1.7255741,-1.5589741901116674,0.006897,0.0037933500000000005,-0.034271919857343194,0.319421,0.9606815500000001,0.9624697493270548,0.043399,-1.54613055,-1.5646861767545577,0.025348,0.013941400000000001,-0.017135959928671597,0.222257,0.9072413500000001,0.8825019363265874,0.150355,-1.48730475,-1.5932461099690105
98,0,98,3.9303903579711914,25,0.55,-0.017049,-0.009376950000000002,0.11995171950070119,-0.015361,0.77655145,0.6882943904683092,0.19866,-1.460737,-1.6389420031121347,-0.071068,-0.03908740000000001,-0.005711986642890533,-0.003408,0.7831256,0.8539420031121346,-0.372176,-1.7746968,-1.5589741901116674,0.088211,0.048516050000000005,-0.022847946571562132,0.095296,0.8374128000000001,1.008165642470179,-0.00578,-1.573179,-1.536126243540105,0.042455,0.023350250000000003,-0.057119866428905326,0.063543,0.8199486500000001,0.8310940565405726,0.187608,-1.4668156,-1.5818221366832295
99,0,99,3.9704456329345703,25,0.55,-0.043026,-0.023664300000000003,0.06854383971468639,0.022606,0.7974333,0.7568382301829956,0.023006,-1.5573467,-1.5703981633974484,-0.090576,-0.04981680000000001,0.017135959928671597,-0.18569,0.6828705,0.8368060431834631,-0.297875,-1.7338312500000002,-1.5589741901116674,0.276389,0.15201395,0.022847946571562132,0.060946,0.8185203000000001,0.9910296825415075,-0.014084,-1.5777462,-1.5589741901116674,-0.012934,-0.007113700000000001,-0.028559933214452663,0.121412,0.8517766,0.8825019363265874,0.291432,-1.4097124,-1.5532622034687766
100,0,100,4.010605812072754,25,0.55,-0.058302,-0.0320661,0.05140787978601479,0.117147,0.8494308500000001,0.751126243540105,0.004473,-1.56753985,-1.536126243540105,-0.051982,-0.028590100000000004,-0.03998390650023373,-0.236757,0.65478365,0.7739741901116672,-0.115779,-1.6336784500000001,-1.7646057092557266,0.115158,0.0633369,0.045695893143124264,0.015117,0.7933143500000001,0.9339098161126022,0.011806,-1.5635067,-1.5703981633974484,0.072675,0.03997125000000001,-0.03998390650023373,0.391691,1.00043005,0.91106186954104,0.150191,-1.48739495,-1.513278296968543
101,0,101,4.0509560108184814,25,0.55,0.096865,0.05327575000000001,0.03998390650023373,0.170936,0.8790148,0.8196700832547915,-0.17119,-1.6641545,-1.5818221366832295,-0.019888,-0.010938400000000001,-0.06283185307179585,-0.13049,0.7132305,0.7168543236827619,0.020075,-1.5589587500000002,-1.7646057092557266,-0.033742,-0.0185581,0.11423973285781065,0.022699,0.79748445,0.8310940565405726,0.035057,-1.55071865,-1.5761101500403387,0.108517,0.059684350000000004,0.0,0.438956,1.0264258000000002,0.8996378962552589,0.124049,-1.5017730500000002,-1.501854323682762
102,0,102,4.090999603271484,25,0.55,0.241941,0.13306755,0.022847946571562132,-0.015854,0.7762803,0.8539420031121346,-0.3614,-1.76877,-1.5818221366832295,0.006046,0.0033253000000000002,-0.045695893143124264,0.04943,0.8121865,0.6997183637540902,0.103629,-1.5130040500000002,-1.7017738561839306,-0.00933,-0.005131500000000001,0.07996781300046746,0.058525,0.81718875,0.8082461099690104,0.178672,-1.4717304,-1.5761101500403387,-0.064311,-0.03537105,0.022847946571562132,0.343964,0.9741802,0.9738937226128359,-0.012054,-1.5766297,-1.4904303503969807
103,0,103,4.131052017211914,25,0.55,0.195477,0.10751235000000002,0.07996781300046746,-0.200874,0.6745193,0.8425180298263536,-0.304381,-1.7374095500000002,-1.610382069897682,0.106689,0.05867895000000001,-0.05140787978601479,0.049856,0.8124208,0.7682622034687767,0.021384,-1.5582388,-1.6160940565405726,0.038266,0.021046300000000004,0.022847946571562132,0.215276,0.9034018,0.8196700832547915,0.065035,-1.53423075,-1.5646861767545577,-0.111643,-0.06140365000000001,0.017135959928671597,0.123438,0.8528909,1.008165642470179,-0.028117,-1.58546435,-1.4732943904683093
104,0,104,4.1711649894714355,25,0.55,0.148799,0.08183945,0.1256637061435917,-0.244399,0.65058055,0.7911101500403388,-0.205926,-1.6832593,-1.7703176958986169,0.151117,0.08311435,-0.057119866428905326,0.23733,0.9155315,0.7625502168258862,0.02115,-1.5583675000000001,-1.6160940565405726,-0.000321,-0.00017655,0.028559933214452663,0.441688,1.0279284,0.8310940565405726,0.087345,-1.52196025,-1.5532622034687766,-0.073517,-0.04043435,-0.045695893143124264,0.112703,0.8469866500000001,1.0481495489704127,-0.014786,-1.5781323,-1.524702270254324
105,0,105,4.211218357086182,25,0.55,0.159716,0.0878438,0.11995171950070119,-0.080902,0.7405039,0.728278296968543,-0.220377,-1.69120735,-1.7703176958986169,0.011711,0.00644105,-0.011423973285781066,0.252503,0.92387665,0.825382069897682,0.085998,-1.5227011000000001,-1.598958096611901,-0.017203,-0.00946165,0.08567979964335799,0.312927,0.95710985,0.8996378962552589,0.123648,-1.5019936,-1.5475502168258863,0.024094,0.013251700000000002,-0.07425582635757692,0.019246,0.7955853,0.8767899496836968,0.038618,-1.5487601,-1.610382069897682
106,0,106,4.251327753067017,25,0.55,0.148695,0.08178225,0.11995171950070119,0.053196,0.8142578,0.6597344572538566,-0.138732,-1.6463026,-1.6846378962552588,-0.167525,-0.09213875,0.022847946571562132,0.097906,0.8388483,0.8939259096123684,-0.32626,-1.749443,-1.5818221366832295,0.009711,0.00534105,0.045695893143124264,0.325634,0.9640987000000001,0.9339098161126022,0.102398,-1.5136811000000001,-1.5304142568972146,0.069994,0.0384967,-0.07996781300046746,0.003578,0.7869679,0.8767899496836968,0.269931,-1.42153795,-1.6160940565405726
107,0,107,4.291370868682861,25,0.55,0.097736,0.053754800000000005,0.1256637061435917,0.043178,0.8087479000000001,0.739702270254324,-0.005765,-1.57317075,-1.6560779630408065,-0.173625,-0.09549375,0.028559933214452663,-0.150458,0.7022481,0.8939259096123684,-0.412382,-1.7968101,-1.5818221366832295,0.119746,0.06586030000000001,0.045695893143124264,0.205203,0.8978616500000001,0.996741669184398,0.054622,-1.5399579,-1.513278296968543,0.09734,0.053537,-0.028559933214452663,0.19369,0.8915295000000001,0.8825019363265874,0.250446,-1.4322547,-1.5818221366832295
108,0,108,4.331465244293213,25,0.55,0.111961,0.06157855000000001,0.10852774621492012,0.197652,0.8937086000000001,0.7968221366832293,0.059075,-1.53750875,-1.6732139229694778,-0.265632,-0.1460976,-0.1256637061435917,-0.242674,0.6515293,0.9053498828981494,-0.45256,-1.818908,-1.6332300164692442,0.250433,0.13773815000000003,0.022847946571562132,0.001034,0.7855687,0.9910296825415075,-0.082489,-1.6153689500000001,-1.5075663103256525,0.07583,0.0417065,-0.034271919857343194,0.188879,0.88888345,0.8710779630408063,0.204792,-1.4573644000000001,-1.5075663103256525
109,0,109,4.371558904647827,25,0.55,-0.038906,-0.021398300000000002,0.07996781300046746,0.252222,0.9237221,0.8767899496836968,-0.014034,-1.5777187000000001,-1.6789259096123685,-0.074648,-0.04105640000000001,-0.11995171950070119,-0.30772,0.615754,0.7054303503969808,-0.06998,-1.608489,-1.8331495489704128,0.037993,0.020896150000000002,0.022847946571562132,0.0383,0.806065,0.9510457760412737,-0.084522,-1.6164871,-1.524702270254324,0.064098,0.035253900000000005,0.005711986642890533,0.381554,0.9948547000000001,0.8482300164692441,0.035091,-1.55069995,-1.5075663103256525
110,0,110,4.411620378494263,25,0.55,0.12501,0.06875550000000001,0.08567979964335799,0.19711,0.8934105,0.9339098161126022,-0.228339,-1.69558645,-1.621806043183463,-0.060438,-0.033240900000000004,-0.09710377292913905,-0.136211,0.71008395,0.6254625373965134,0.069973,-1.53151485,-1.8502855088990846,-0.058202,-0.0320111,0.14851165271515385,0.169457,0.87820135,0.8767899496836968,-0.000153,-1.57008415,-1.6046700832547915,0.093762,0.05156910000000001,0.011423973285781066,0.417683,1.0147256500000001,0.8996378962552589,0.069811,-1.53160395,-1.4904303503969807
111,0,111,4.4517662525177,25,0.55,0.255081,0.14029455000000002,0.045695893143124264,0.047984,0.8113912,0.9339098161126022,-0.300688,-1.7353784,-1.610382069897682,0.003535,0.0019442500000000002,-0.07996781300046746,0.063809,0.82009495,0.6425984973251849,0.180227,-1.4708751500000001,-1.7417577626841643,-0.084906,-0.0466983,0.045695893143124264,0.247747,0.92126085,0.8539420031121346,0.084821,-1.52334845,-1.6275180298263536,-0.042372,-0.0233046,0.022847946571562132,0.293912,0.9466516,0.9510457760412737,-0.075707,-1.61163885,-1.5189902836114335
112,0,112,4.491861581802368,25,0.55,0.287059,0.15788245,0.09139178628624853,-0.217719,0.66525455,0.8596539897550252,-0.276841,-1.7222625500000002,-1.6732139229694778,-0.034479,-0.018963450000000003,-0.08567979964335799,0.006787,0.78873285,0.728278296968543,0.090533,-1.52020685,-1.5932461099690105,-0.029206,-0.016063300000000003,0.017135959928671597,0.241356,0.9177458000000001,0.8310940565405726,0.00967,-1.5646815,-1.6446539897550252,-0.143238,-0.07878090000000001,0.022847946571562132,0.126173,0.85439515,1.0253016023988506,-0.062838,-1.6045609,-1.524702270254324
113,0,113,4.531898498535156,25,0.55,0.169588,0.0932734,0.1256637061435917,-0.314488,0.6120316,0.7968221366832293,-0.208103,-1.68445665,-1.7531817359699455,0.059809,0.032894950000000006,-0.045695893143124264,0.194374,0.8919057,0.7853981633974483,0.103123,-1.51328235,-1.5646861767545577,-0.088623,-0.04874265,0.017135959928671597,0.436193,1.02490615,0.8596539897550252,0.007325,-1.56597125,-1.5818221366832295,-0.05221,-0.0287155,-0.06283185307179585,0.059239,0.81758145,1.0253016023988506,-0.022515,-1.5823832500000001,-1.5703981633974484
114,0,114,4.571974515914917,25,0.55,0.107258,0.05899190000000001,0.13708767942937278,-0.183897,0.6838566500000001,0.739702270254324,-0.001358,-1.5707469,-1.7474697493270548,0.073634,0.040498700000000006,-0.017135959928671597,0.156697,0.87118335,0.8767899496836968,-0.034418,-1.5889299000000001,-1.5646861767545577,-0.157903,-0.08684665,0.017135959928671597,0.345432,0.9749876000000001,0.9167738561839305,0.083229,-1.5242240500000002,-1.5703981633974484,0.072052,0.03962860000000001,-0.06854383971468639,0.015933,0.7937631500000001,1.0253016023988506,0.088109,-1.52154005,-1.5703981633974484
115,0,115,4.612091541290283,25,0.55,0.036063,0.01983465,0.10852774621492012,-0.029192,0.7689444000000001,0.6425984973251849,0.230887,-1.44301215,-1.6960618695410399,-0.03434,-0.018887000000000004,-0.017135959928671597,0.121097,0.85160335,0.8539420031121346,-0.332861,-1.75307355,-1.5589741901116674,0.073351,0.040343050000000005,-0.005711986642890533,0.220824,0.9064532000000001,0.9624697493270548,0.016498,-1.5609261,-1.5703981633974484,0.050515,0.027783250000000002,-0.045695893143124264,0.152206,0.8687133,0.8425180298263536,0.240045,-1.43797525,-1.598958096611901
116,0,116,4.652137041091919,25,0.55,0.038198,0.021008900000000004,0.10852774621492012,0.027618,0.8001899,0.6825824038254187,0.089292,-1.5208894000000002,-1.6960618695410399,-0.135666,-0.07461630000000001,0.005711986642890533,-0.078287,0.7419421500000001,0.8368060431834631,-0.384503,-1.78147665,-1.5703981633974484,0.097889,0.053838950000000003,-0.03998390650023373,0.169859,0.8784224500000001,0.9796057092557264,-0.03165,-1.5874075,-1.5703981633974484,-0.050059,-0.027532450000000003,-0.017135959928671597,0.085619,0.83209045,0.8596539897550252,0.1815,-1.470175,-1.5418382301829956
117,0,117,4.6921985149383545,25,0.55,-0.030493,-0.016771150000000002,0.07996781300046746,0.17692,0.882306,0.751126243540105,0.042937,-1.54638465,-1.524702270254324,-0.132742,-0.0730081,0.0,-0.314438,0.6120591,0.8539420031121346,-0.190621,-1.67484155,-1.6675019363265875,0.162227,0.08922485000000001,0.017135959928671597,0.010127,0.79056985,0.9510457760412737,-0.095449,-1.6224969500000002,-1.5703981633974484,-0.016792,-0.009235600000000002,-0.045695893143124264,0.255608,0.9255844000000001,0.8710779630408063,0.101395,-1.5142327500000001,-1.536126243540105
118,0,118,4.732317924499512,25,0.55,-0.041697,-0.02293335,0.07425582635757692,0.212112,0.9016616000000001,0.8482300164692441,-0.057125,-1.6014187500000001,-1.536126243540105,-0.056098,-0.030853900000000004,-0.06854383971468639,-0.252154,0.6463153,0.7568382301829956,-0.016588,-1.5791234,-1.7588937226128358,0.065887,0.03623785,0.057119866428905326,0.050065,0.81253575,0.9053498828981494,-0.047494,-1.5961217,-1.5703981633974484,0.071746,0.039460300000000004,-0.06854383971468639,0.49204,1.055622,0.8767899496836968,0.184706,-1.4684117,-1.5418382301829956
119,0,119,4.772372245788574,25,0.55,0.26744,0.14709200000000003,0.06854383971468639,0.177657,0.88271135,0.8939259096123684,-0.315977,-1.74378735,-1.5475502168258863,-0.018646,-0.0102553,-0.11423973285781065,0.073978,0.8256879,0.6940063771111997,0.140144,-1.4929208,-1.7588937226128358,-0.119412,-0.0656766,0.11995171950070119,0.171141,0.87912755,0.8425180298263536,0.113675,-1.50747875,-1.6275180298263536,0.036666,0.0201663,-0.017135959928671597,0.346235,0.97542925,0.9053498828981494,0.038577,-1.5487826500000001,-1.5189902836114335
120,0,120,4.81245231628418,25,0.55,0.231212,0.12716660000000002,0.028559933214452663,-0.131735,0.7125457500000001,0.8939259096123684,-0.369196,-1.7730578000000001,-1.5932461099690105,0.023049,0.012676950000000001,-0.06283185307179585,0.075892,0.8267406,0.7168543236827619,0.12716,-1.500062,-1.6160940565405726,0.054539,0.02999645,0.03998390650023373,0.219997,0.9059983500000001,0.7568382301829956,0.126528,-1.5004096,-1.610382069897682,-0.205791,-0.11318505000000001,0.005711986642890533,0.229679,0.91132345,0.9910296825415075,-0.048909,-1.59689995,-1.5189902836114335
121,0,121,4.852529048919678,25,0.55,0.167799,0.09228945000000001,0.11423973285781065,-0.269484,0.6367838,0.8882139229694779,-0.195536,-1.6775448000000002,-1.6446539897550252,0.028239,0.015531450000000002,-0.057119866428905326,0.062345,0.81928975,0.7568382301829956,0.098726,-1.5157007,-1.5703981633974484,-0.031846,-0.0175153,0.0,0.311056,0.9560808000000001,0.8310940565405726,0.004738,-1.5673941,-1.5818221366832295,-0.153667,-0.08451685,-0.005711986642890533,0.020436,0.7962398,1.1166933886850992,-0.017298,-1.5795139,-1.5189902836114335
122,0,122,4.89263391494751,25,0.55,0.082196,0.045207800000000006,0.1256637061435917,-0.310248,0.6143636,0.7853981633974483,-0.116674,-1.6341707,-1.7760296825415076,0.005413,0.0029771500000000005,-0.034271919857343194,0.263292,0.9298106,0.7568382301829956,0.036848,-1.5497336000000002,-1.5703981633974484,-0.048585,-0.026721750000000002,0.011423973285781066,0.477162,1.0474391,0.9281978294697116,0.133037,-1.49682965,-1.5589741901116674,-0.046179,-0.02539845,-0.08567979964335799,-0.012539,0.77810355,0.9053498828981494,0.065827,-1.53379515,-1.6160940565405726
123,0,123,4.93269944190979,25,0.55,0.092007,0.050603850000000006,0.09710377292913905,-0.06921,0.7469345000000001,0.6711584305396376,0.070394,-1.5312833000000001,-1.7131978294697117,-0.036663,-0.020164650000000003,-0.017135959928671597,0.239517,0.91673435,0.8939259096123684,-0.107897,-1.62934335,-1.5646861767545577,-0.147265,-0.08099575,0.005711986642890533,0.364825,0.98565375,0.9681817359699454,0.131405,-1.49772725,-1.5418382301829956,0.089691,0.04933005000000001,-0.13137569278648226,-0.120966,0.7184687000000001,0.8425180298263536,0.225082,-1.4462049000000001,-1.6160940565405726
124,0,124,4.972798824310303,25,0.55,0.085962,0.047279100000000004,0.10852774621492012,0.026199,0.7994094500000001,0.6368865106822944,0.016396,-1.5609822,-1.6846378962552588,-0.181198,-0.09965890000000001,-0.005711986642890533,0.073427,0.8253848500000001,0.8882139229694779,-0.424716,-1.8035938,-1.5646861767545577,0.152934,0.0841137,-0.005711986642890533,0.267208,0.9319644,0.9796057092557264,0.068797,-1.5321616500000002,-1.5304142568972146,0.039081,0.02149455,-0.06854383971468639,0.026639,0.79965145,0.8025341233261198,0.395811,-1.35230395,-1.610382069897682
125,0,125,5.012917518615723,25,0.55,-0.073513,-0.04043215,0.09710377292913905,-0.02167,0.7730815,0.7168543236827619,0.054911,-1.53979895,-1.6446539897550252,-0.210337,-0.11568535,-0.057119866428905326,-0.293374,0.6236443,0.8939259096123684,-0.30415,-1.7372825,-1.5703981633974484,0.23856,0.13120800000000002,-0.07425582635757692,0.068705,0.82278775,1.008165642470179,-0.065656,-1.6061108000000002,-1.5075663103256525,-0.019676,-0.010821800000000001,-0.03998390650023373,0.110546,0.8458003000000001,0.8539420031121346,0.168337,-1.47741465,-1.5475502168258863
126,0,126,5.053292751312256,25,0.55,-0.00851,-0.004680500000000001,0.07425582635757692,0.235009,0.91425495,0.813958096611901,0.044312,-1.5456284,-1.621806043183463,-0.191465,-0.10530575,-0.13137569278648226,-0.316837,0.61073965,0.7796861767545578,-0.332512,-1.7528816,-1.7360457760412737,0.2467,0.135685,0.0,0.03822,0.806021,0.9453337893983832,-0.114305,-1.6328677500000002,-1.513278296968543,-0.043987,-0.024192850000000002,-0.045695893143124264,0.267487,0.93211785,0.8082461099690104,0.087214,-1.5220323,-1.5475502168258863
127,0,127,5.093329191207886,25,0.55,0.065361,0.03594855,0.06283185307179585,0.352701,0.97898555,0.8653659763979158,-0.079007,-1.61345385,-1.6046700832547915,-0.097589,-0.053673950000000005,-0.14279966607226333,-0.166179,0.69360155,0.7796861767545578,-0.101929,-1.62606095,-1.7874536558272887,0.048153,0.02648415,0.13708767942937278,0.111654,0.8464097,0.9453337893983832,-0.041518,-1.5928349000000002,-1.513278296968543,0.047348,0.026041400000000003,-0.022847946571562132,0.295643,0.94760365,0.8539420031121346,0.022991,-1.5573549500000001,-1.513278296968543
128,0,128,5.133384704589844,25,0.55,0.071245,0.039184750000000004,0.028559933214452663,0.1911,0.890105,0.8825019363265874,-0.248385,-1.70661175,-1.5932461099690105,-0.008493,-0.004671150000000001,-0.10281575957202958,-0.053126,0.7557807000000001,0.6597344572538566,0.214223,-1.4521773500000001,-1.781741669184398,-0.07249,-0.0398695,0.1256637061435917,0.136937,0.86031535,0.8368060431834631,0.007507,-1.56587115,-1.6332300164692442,0.116544,0.06409920000000001,-0.017135959928671597,0.378024,0.9929132,0.9339098161126022,0.161318,-1.4812751,-1.536126243540105
129,0,129,5.173510551452637,25,0.55,0.238201,0.13101055,0.028559933214452663,-0.091713,0.7345578500000001,1.0024536558272885,-0.403939,-1.79216645,-1.6560779630408065,0.035236,0.019379800000000003,-0.09139178628624853,0.002933,0.78661315,0.7339902836114335,0.241037,-1.4374296500000001,-1.707485842826821,-0.105517,-0.058034350000000005,0.08567979964335799,0.234886,0.9141873,0.8310940565405726,0.137937,-1.4941346500000001,-1.621806043183463,-0.174517,-0.09598435000000001,-0.005711986642890533,0.305506,0.9530283,0.9339098161126022,-0.063154,-1.6047347,-1.5818221366832295
130,0,130,5.213550806045532,25,0.55,0.213993,0.11769615,0.028559933214452663,-0.263558,0.6400431,1.0024536558272885,-0.318239,-1.7450314500000002,-1.7474697493270548,-0.046121,-0.02536655,-0.06283185307179585,0.033799,0.80358945,0.7739741901116672,0.184886,-1.4683127,-1.5932461099690105,0.093197,0.05125835000000001,0.028559933214452663,0.271191,0.93415505,0.8653659763979158,0.084036,-1.5237802,-1.621806043183463,-0.216031,-0.11881705000000001,0.045695893143124264,0.137644,0.8607042,0.985317695898617,-0.088553,-1.6187041500000001,-1.536126243540105
131,0,131,5.253669738769531,25,0.55,0.086547,0.04760085,0.08567979964335799,-0.272565,0.63508925,0.7682622034687767,-0.226172,-1.6943946,-1.80458961575596,0.101991,0.05609505,-0.057119866428905326,0.100162,0.8400891,0.8196700832547915,0.07261,-1.5300645000000002,-1.5304142568972146,-0.012117,-0.00666435,0.017135959928671597,0.387854,0.9983197,0.922485842826821,0.107561,-1.51084145,-1.536126243540105,-0.185498,-0.1020239,-0.057119866428905326,0.123383,0.85286065,0.9510457760412737,-0.095166,-1.6223413,-1.5932461099690105
132,0,132,5.293750047683716,25,0.55,0.096984,0.053341200000000005,0.1256637061435917,-0.184306,0.6836317000000001,0.6425984973251849,-0.147387,-1.65106285,-1.7417577626841643,-0.074663,-0.04106465,-0.022847946571562132,0.285372,0.9419546000000001,0.8310940565405726,-0.062898,-1.6045939,-1.5189902836114335,-0.066551,-0.036603050000000005,0.045695893143124264,0.483786,1.0510823,0.9567577626841642,0.170051,-1.47647195,-1.5475502168258863,0.037448,0.020596400000000004,-0.1256637061435917,0.028618,0.8007399000000001,0.91106186954104,0.145618,-1.4899101000000001,-1.6389420031121347
133,0,133,5.333944320678711,25,0.55,0.096066,0.0528363,0.07425582635757692,-0.029077,0.76900765,0.6483104839680756,0.013916,-1.5623462000000001,-1.707485842826821,-0.23511,-0.12931050000000002,0.0,0.199829,0.8949059500000001,0.8482300164692441,-0.420061,-1.80103355,-1.513278296968543,0.012195,0.0067072500000000005,0.022847946571562132,0.391905,1.00054775,1.01958961575596,0.186964,-1.4671698,-1.5304142568972146,0.088199,0.04850945,-0.11423973285781065,-0.052089,0.75635105,0.8539420031121346,0.341395,-1.38223275,-1.6446539897550252
134,0,134,5.373990535736084,25,0.55,-5.7e-05,-3.135e-05,0.07425582635757692,-0.026051,0.77067195,0.6425984973251849,0.056429,-1.5389640500000001,-1.6903498828981496,-0.13618,-0.07489900000000001,-0.03998390650023373,-0.090299,0.7353355500000001,0.9281978294697116,-0.28996,-1.729478,-1.6046700832547915,0.209651,0.11530805000000001,0.034271919857343194,0.09232,0.8357760000000001,1.0595735222561937,0.026241,-1.55556745,-1.5418382301829956,-0.067094,-0.0369017,-0.06854383971468639,0.031687,0.80242785,0.8539420031121346,0.324686,-1.3914227000000001,-1.621806043183463
135,0,135,5.414057016372681,25,0.55,0.005953,0.0032741500000000004,0.07425582635757692,0.173688,0.8805284,0.7682622034687767,0.018183,-1.55999935,-1.5932461099690105,-0.10041,-0.055225500000000004,-0.13708767942937278,-0.192651,0.67904195,0.8825019363265874,-0.320032,-1.7460176,-1.7131978294697117,0.237883,0.13083565000000003,0.017135959928671597,-0.001141,0.78437245,1.0024536558272885,-0.000184,-1.5701012,-1.5418382301829956,-0.046746,-0.025710300000000002,-0.017135959928671597,0.292205,0.94571275,0.8368060431834631,0.169874,-1.4765693,-1.5532622034687766
136,0,136,5.454140901565552,25,0.55,-0.011915,-0.006553250000000001,0.045695893143124264,0.272605,0.93493275,0.8539420031121346,-0.007104,-1.5739072,-1.598958096611901,-0.039464,-0.0217052,-0.09139178628624853,-0.152142,0.7013219,0.825382069897682,-0.024333,-1.58338315,-1.7417577626841643,0.042409,0.023324950000000004,0.10852774621492012,0.053563,0.81445965,0.8882139229694779,-0.020085,-1.58104675,-1.5475502168258863,-0.013588,-0.0074734,-0.09710377292913905,0.298083,0.94894565,0.8368060431834631,0.08018,-1.525901,-1.4790063771111996
137,0,137,5.494325876235962,25,0.55,0.183128,0.10072040000000002,0.028559933214452663,0.232138,0.9126759,0.9396218027554927,-0.259262,-1.7125941,-1.598958096611901,0.018021,0.00991155,-0.06854383971468639,0.049356,0.8121458,0.7454142568972145,0.097611,-1.51631395,-1.7703176958986169,-0.06764,-0.037202000000000006,0.13708767942937278,0.135735,0.8596542500000001,0.825382069897682,0.116144,-1.5061208000000001,-1.5761101500403387,-0.00189,-0.0010395,-0.005711986642890533,0.341662,0.9729141000000001,0.8825019363265874,0.155681,-1.4843754500000002,-1.4790063771111996
138,0,138,5.534309148788452,25,0.55,0.283919,0.15615545,0.028559933214452663,-0.149058,0.7030181,0.9453337893983832,-0.393487,-1.78641785,-1.5532622034687766,-0.009487,-0.0052178500000000004,-0.011423973285781066,0.08136,0.829748,0.751126243540105,0.02462,-1.556459,-1.6903498828981496,0.061795,0.033987250000000004,0.10281575957202958,0.279313,0.93862215,0.825382069897682,0.143105,-1.49129225,-1.598958096611901,-0.080476,-0.044261800000000004,-0.06283185307179585,0.235828,0.9147054000000001,0.9567577626841642,0.075819,-1.52829955,-1.5418382301829956
139,0,139,5.574431896209717,25,0.55,0.178632,0.09824760000000002,0.07425582635757692,-0.305029,0.61723405,0.9281978294697116,-0.228326,-1.6955793000000001,-1.6617899496836968,0.005064,0.0027852000000000003,-0.017135959928671597,0.116703,0.84918665,0.8025341233261198,0.196712,-1.4618084,-1.6160940565405726,0.154549,0.08500195,0.07996781300046746,0.229242,0.9110831,0.7968221366832293,0.130389,-1.4982860500000001,-1.5761101500403387,-0.246741,-0.13570755,-0.05140787978601479,0.12036,0.851198,0.9681817359699454,-0.164924,-1.6607082,-1.5304142568972146
140,0,140,5.614476919174194,25,0.55,0.054801,0.030140550000000006,0.13708767942937278,-0.330644,0.6031458000000001,0.7225663103256524,-0.070066,-1.6085363000000001,-1.7703176958986169,0.120251,0.06613805,-0.005711986642890533,0.276041,0.93682255,0.8767899496836968,0.040959,-1.5474725500000002,-1.5761101500403387,0.025585,0.014071750000000001,0.03998390650023373,0.424281,1.01835455,0.8482300164692441,0.212217,-1.45328065,-1.5589741901116674,-0.112273,-0.061750150000000004,-0.045695893143124264,0.100513,0.8402821500000001,0.9624697493270548,-0.056992,-1.6013456000000001,-1.5075663103256525
141,0,141,5.654565811157227,25,0.55,-0.033342,-0.0183381,0.14279966607226333,-0.082969,0.73936705,0.6254625373965134,0.16439,-1.4795855,-1.7703176958986169,-0.017006,-0.0093533,-0.005711986642890533,0.298622,0.9492421,0.8825019363265874,-0.201849,-1.68101695,-1.5475502168258863,0.029701,0.01633555,0.028559933214452663,0.345974,0.9752857,0.8482300164692441,0.262332,-1.4257174000000001,-1.5589741901116674,0.057524,0.031638200000000005,-0.14279966607226333,0.175047,0.8812758500000001,0.8882139229694779,0.127417,-1.49992065,-1.6332300164692442
142,0,142,5.694625377655029,25,0.55,0.001112,0.0006116,0.07996781300046746,0.022445,0.79734475,0.6425984973251849,0.225755,-1.44583475,-1.6732139229694778,-0.14278,-0.078529,0.028559933214452663,0.062517,0.81938435,0.922485842826821,-0.326822,-1.7497521,-1.5475502168258863,0.088003,0.048401650000000004,0.03998390650023373,0.292114,0.9456627,0.9624697493270548,0.156732,-1.4837974,-1.4961423370398714,0.099701,0.054835550000000004,-0.07425582635757692,-0.009857,0.77957865,0.8425180298263536,0.2113,-1.453785,-1.6275180298263536
143,0,143,5.7347493171691895,25,0.55,0.024248,0.0133364,0.03998390650023373,-0.050913,0.7569978500000001,0.751126243540105,0.007796,-1.5657122,-1.5304142568972146,-0.125523,-0.06903765,0.017135959928671597,-0.170751,0.6910869500000001,0.9167738561839305,-0.302071,-1.73613905,-1.6789259096123685,0.256732,0.1412026,0.017135959928671597,0.063528,0.8199404,0.9624697493270548,0.088962,-1.5210709,-1.4790063771111996,-0.034219,-0.018820450000000002,-0.022847946571562132,0.177127,0.88241985,0.8996378962552589,0.260039,-1.42697855,-1.621806043183463
144,0,144,5.774800062179565,25,0.55,0.030781,0.01692955,0.03998390650023373,0.088316,0.8335738,0.8025341233261198,0.052335,-1.54121575,-1.501854323682762,-0.184836,-0.10165980000000001,-0.08567979964335799,-0.204567,0.6724881500000001,0.9167738561839305,-0.308322,-1.7395771,-1.6789259096123685,0.228651,0.12575805,0.005711986642890533,-0.03216,0.767312,1.0138776291130696,0.026797,-1.55526165,-1.4904303503969807,-0.035452,-0.0194986,-0.011423973285781066,0.219144,0.9055292,0.9281978294697116,0.103962,-1.5128209000000001,-1.4961423370398714
145,0,145,5.814860582351685,25,0.55,-0.037951,-0.02087305,0.03998390650023373,0.240081,0.9170445500000001,0.8025341233261198,-0.015061,-1.57828355,-1.501854323682762,-0.076145,-0.04187975000000001,-0.11995171950070119,-0.224531,0.6615079500000001,0.7054303503969808,-0.117307,-1.63451885,-1.7646057092557266,0.080964,0.0445302,0.14279966607226333,-0.050835,0.75704075,0.91106186954104,0.028833,-1.5541418500000002,-1.536126243540105,0.109291,0.060110050000000005,-0.07425582635757692,0.339231,0.97157705,0.922485842826821,0.040499,-1.54772555,-1.4961423370398714
146,0,146,5.85493540763855,25,0.55,0.029943,0.01646865,0.034271919857343194,0.090013,0.8345071500000001,0.825382069897682,-0.349644,-1.7623042,-1.5646861767545577,-0.01888,-0.010384000000000001,-0.15422363935804437,-0.115504,0.7214728,0.7168543236827619,0.208767,-1.45517815,-1.7588937226128358,-0.066573,-0.03661515,0.11423973285781065,0.363171,0.9847440500000001,0.8482300164692441,0.051226,-1.5418257,-1.5418382301829956,-0.028993,-0.015946150000000003,0.005711986642890533,0.4188,1.0153400000000001,0.9281978294697116,0.127123,-1.50008235,-1.4961423370398714
147,0,147,5.895021677017212,25,0.55,0.240172,0.1320946,0.028559933214452663,-0.051621,0.75660845,0.9053498828981494,-0.396872,-1.7882796,-1.5646861767545577,0.022682,0.012475100000000001,-0.15422363935804437,0.02701,0.7998555,0.7111423370398714,0.176469,-1.4729420500000001,-1.7588937226128358,-0.099999,-0.054999450000000005,0.11423973285781065,0.147267,0.86599685,0.8082461099690104,0.13802,-1.494089,-1.5418382301829956,-0.056566,-0.0311113,0.034271919857343194,0.334737,0.9691053500000001,0.9453337893983832,-0.014127,-1.5777698500000001,-1.5875341233261198
148,0,148,5.9350950717926025,25,0.55,0.235629,0.12959595000000002,-0.028559933214452663,-0.189978,0.6805121000000001,0.9053498828981494,-0.228372,-1.6956046,-1.6617899496836968,-0.084888,-0.046688400000000005,-0.05140787978601479,0.010804,0.7909422,0.7568382301829956,0.094211,-1.51818395,-1.5932461099690105,0.115397,0.06346835,0.11423973285781065,0.162789,0.87453395,0.8082461099690104,0.159922,-1.4820429000000002,-1.5532622034687766,-0.233582,-0.1284701,-0.028559933214452663,0.132876,0.8580818,1.008165642470179,-0.15126,-1.6531930000000001,-1.5875341233261198
149,0,149,5.975171089172363,25,0.55,0.158995,0.08744725,0.11423973285781065,-0.28973,0.6256485,0.751126243540105,-0.17382,-1.665601,-1.816013589041741,0.085831,0.04720705000000001,-0.028559933214452663,0.240825,0.9174537500000001,0.7796861767545578,0.136518,-1.4949151,-1.5532622034687766,0.050949,0.028021950000000004,0.011423973285781066,0.376852,0.9922686000000001,0.8539420031121346,0.118853,-1.50463085,-1.536126243540105,-0.132718,-0.0729949,-0.028559933214452663,0.120599,0.85132945,0.9510457760412737,-0.028511,-1.58568105,-1.5475502168258863
150,1,30,6.015420198440552,25,0.55,-0.046805,-0.025742750000000002,0.11423973285781065,0.049371,0.8121540500000001,0.6997183637540902,-0.02557,-1.5840635,-1.6903498828981496,0.009617,0.005289350000000001,-0.028559933214452663,-0.280301,0.63083445,0.8082461099690104,0.468709,-1.31221005,-1.5532622034687766,0.507665,0.27921575000000004,0.07996781300046746,0.272354,0.9347947000000001,0.8882139229694779,-0.151756,-1.6534658,-1.5075663103256525,-0.217968,-0.1198824,-0.13708767942937278,0.735946,1.1897703000000002,0.8767899496836968,0.049563,-1.54274035,-1.6275180298263536
151,1,31,6.055448770523071,25,0.55,0.163429,0.08988595,0.11995171950070119,-0.207524,0.6708618000000001,0.6483104839680756,0.058872,-1.5376204,-1.6732139229694778,0.13345,0.07339750000000002,0.0,-0.668719,0.41720455,0.7911101500403388,0.575882,-1.2532649,-1.4847183637540904,1.07869,0.5,0.07996781300046746,0.128819,0.85585045,0.9796057092557264,-0.338512,-1.7561816000000001,-1.5075663103256525,-0.383991,-0.21119505000000002,-0.10281575957202958,1.097834,1.3888087000000002,0.8482300164692441,-0.011989,-1.5765939500000001,-1.6446539897550252
152,1,32,6.095564365386963,25,0.55,0.037278,0.0205029,0.03998390650023373,0.099851,0.8399180500000001,0.739702270254324,-0.139224,-1.6465732,-1.5932461099690105,0.05361,0.0294855,0.0,-0.400295,0.56483775,0.8310940565405726,0.737804,-1.1642078,-1.4047505507536229,0.579663,0.31881465000000003,0.11423973285781065,0.160704,0.8733872,0.9453337893983832,-0.171796,-1.6644878,-1.5818221366832295,-0.124767,-0.06862185000000001,-0.10281575957202958,0.940787,1.3024328500000002,0.91106186954104,-0.097622,-1.6236921,-1.5875341233261198
153,1,33,6.135622024536133,25,0.55,0.149394,0.08216670000000001,0.09139178628624853,0.1083,0.844565,0.7739741901116672,-0.123597,-1.63797835,-1.5475502168258863,-0.086148,-0.047381400000000004,0.05140787978601479,-0.054721,0.75490345,0.5797666442533891,0.58899,-1.2460555,-1.3133587644673743,-0.117525,-0.06463875000000001,0.3884150917165562,-0.079661,0.74118645,0.9339098161126022,0.093782,-1.5184199,-1.7131978294697117,0.074757,0.04111635,-0.23990343900140237,0.655802,1.1456911,1.3965807341867351,-0.043707,-1.59403885,-1.5703981633974484
154,1,34,6.175667762756348,25,0.55,0.236629,0.13014595,0.022847946571562132,0.044745,0.80960975,0.7568382301829956,-0.047286,-1.5960073000000001,-1.598958096611901,-0.053423,-0.02938265,0.011423973285781066,-0.022899,0.77240555,0.5340707511102649,0.353742,-1.3754419,-1.2276789648240163,0.071507,0.039328850000000005,0.3827031050736657,-0.270353,0.6363058500000001,0.8767899496836968,0.197311,-1.46147895,-1.7588937226128358,0.130576,0.0718168,-0.23990343900140237,0.638464,1.1361552000000001,1.373732787615173,-0.026314,-1.5844727,-1.5932461099690105
155,1,35,6.215744256973267,25,0.55,0.148534,0.08169370000000001,0.09139178628624853,0.259623,0.92779265,0.8539420031121346,0.098965,-1.51556925,-1.610382069897682,-0.020737,-0.01140535,-0.03998390650023373,-0.433532,0.5465574,0.7111423370398714,0.589215,-1.24593175,-1.233390951466907,0.114079,0.06274345,0.20563151914405917,-0.262118,0.6408351,0.9053498828981494,0.296164,-1.4071098,-1.793165642470179,0.008526,0.0046893,-0.022847946571562132,0.967877,1.31733235,1.373732787615173,-0.349269,-1.76209795,-1.6046700832547915
156,1,36,6.255825519561768,25,0.55,0.059653,0.03280915,0.10852774621492012,0.144553,0.86450415,0.8539420031121346,0.274344,-1.4191108000000001,-1.610382069897682,-0.193118,-0.10621490000000001,-0.03998390650023373,-0.120425,0.71876625,0.7111423370398714,0.420931,-1.33848795,-1.3076467778244838,0.066585,0.03662175000000001,0.10281575957202958,-0.148938,0.7030841,0.6768704171825282,0.095026,-1.5177357,-1.5761101500403387,0.002528,0.0013904,0.005711986642890533,0.595191,1.1123550500000001,1.1852372283997856,-0.152185,-1.65370175,-1.621806043183463
157,1,37,6.29593825340271,25,0.55,-0.043086,-0.0236973,0.05140787978601479,-0.057631,0.75330295,0.8882139229694779,0.221211,-1.44833395,-1.610382069897682,-0.159564,-0.08776020000000001,0.017135959928671597,-0.055446,0.7545047,0.7111423370398714,0.199697,-1.4601666500000001,-1.3704786308962795,0.151004,0.0830522,0.11995171950070119,0.030219,0.80162045,0.6768704171825282,-0.066017,-1.60630935,-1.5646861767545577,-0.042812,-0.023546600000000004,0.03998390650023373,0.427508,1.0201294,1.1852372283997856,0.021249,-1.55831305,-1.621806043183463
158,1,38,6.335995674133301,25,0.55,-0.016381,-0.00900955,0.05140787978601479,-0.088176,0.7365032,0.8882139229694779,-0.070887,-1.60898785,-1.4390224706109662,-0.058841,-0.032362550000000004,-0.06854383971468639,-0.013229,0.77772405,0.7454142568972145,0.193978,-1.4633121,-1.3704786308962795,0.09558,0.052569000000000005,0.08567979964335799,0.049429,0.81218595,0.728278296968543,0.101897,-1.5139566500000001,-1.5589741901116674,-0.0369,-0.020295000000000004,0.011423973285781066,0.438171,1.02599405,1.1566772951853328,0.151309,-1.4867800500000001,-1.707485842826821
159,1,39,6.376072883605957,25,0.55,-0.003346,-0.0018403000000000002,-0.005711986642890533,0.088216,0.8335188,0.7911101500403388,-0.017334,-1.5795337,-1.4447344572538565,0.028771,0.015824050000000003,-0.09710377292913905,0.027521,0.8001365500000001,0.7054303503969808,0.247643,-1.4337963500000002,-1.4218865106822944,0.058824,0.032353200000000006,0.06854383971468639,-0.023817,0.7719006500000001,0.751126243540105,0.135303,-1.49558335,-1.5818221366832295,-0.06705,-0.0368775,-0.034271919857343194,0.37742,0.992581,1.070997495541975,0.146469,-1.48944205,-1.6846378962552588
160,1,40,6.416183948516846,25,0.55,-0.000792,-0.0004356,-0.011423973285781066,0.182178,0.8851979000000001,0.728278296968543,-0.09232,-1.620776,-1.4447344572538565,0.112254,0.06173970000000001,-0.005711986642890533,0.06823,0.8225265,0.813958096611901,0.154488,-1.4850316000000001,-1.4961423370398714,0.069197,0.03805835,0.08567979964335799,0.071118,0.8241149,0.751126243540105,0.155091,-1.48469995,-1.5818221366832295,-0.10737,-0.0590535,-0.034271919857343194,0.357084,0.9813962,1.0881334554706465,0.290998,-1.4099511,-1.6503659763979157
161,1,41,6.456244707107544,25,0.55,0.041944,0.0230692,0.0,-0.098725,0.7307012500000001,0.825382069897682,-0.180545,-1.66929975,-1.6046700832547915,0.185266,0.1018963,0.0,0.242246,0.9182353000000001,0.8539420031121346,0.197838,-1.4611891000000001,-1.4847183637540904,0.041967,0.02308185,0.057119866428905326,0.088521,0.83368655,0.825382069897682,0.090948,-1.5199786,-1.5703981633974484,-0.153467,-0.08440685,-0.03998390650023373,0.178781,0.88332955,0.996741669184398,0.069428,-1.5318146000000001,-1.598958096611901
162,1,42,6.496386528015137,25,0.55,0.13178,0.07247900000000002,-0.011423973285781066,-0.226017,0.66069065,0.8825019363265874,-0.200389,-1.6802139500000002,-1.6046700832547915,0.124386,0.06841230000000001,0.05140787978601479,0.278706,0.9382883000000001,0.8482300164692441,0.245143,-1.43517135,-1.5189902836114335,0.081887,0.045037850000000004,0.06283185307179585,0.19926,0.8945930000000001,0.8368060431834631,0.043659,-1.54598755,-1.5304142568972146,-0.146004,-0.0803022,-0.05140787978601479,0.108816,0.8448488000000001,0.996741669184398,0.028936,-1.5540852,-1.416174524039404
163,1,43,6.536426782608032,25,0.55,0.181286,0.09970730000000001,0.017135959928671597,-0.211449,0.66870305,0.7225663103256524,-0.357047,-1.7663758500000002,-1.6732139229694778,0.095256,0.0523908,0.07425582635757692,0.288434,0.9436387,0.8996378962552589,0.082076,-1.5248582000000002,-1.4847183637540904,0.080484,0.044266200000000006,0.06283185307179585,0.451111,1.03311105,0.8710779630408063,0.227266,-1.4450037,-1.524702270254324,-0.150424,-0.0827332,-0.08567979964335799,0.020423,0.79623265,0.9510457760412737,0.051722,-1.5415529000000001,-1.4790063771111996
164,1,44,6.576507091522217,25,0.55,0.10248,0.056364000000000004,0.05140787978601479,0.052637,0.81395035,0.6940063771111997,-0.041568,-1.5928624,-1.7017738561839306,-0.121509,-0.06682995000000001,0.06854383971468639,0.014619,0.79304045,0.9510457760412737,-0.101527,-1.62583985,-1.4790063771111996,0.028497,0.015673350000000003,0.06854383971468639,0.275841,0.93671255,0.9339098161126022,0.020265,-1.55885425,-1.5589741901116674,0.097927,0.05385985000000001,-0.09710377292913905,0.102901,0.8415955500000001,0.8996378962552589,0.142257,-1.49175865,-1.598958096611901
165,1,45,6.616584062576294,25,0.55,0.026699,0.014684450000000002,0.11995171950070119,0.187434,0.8880887000000001,0.6540224706109661,-0.066946,-1.6068203,-1.7703176958986169,-0.24535,-0.13494250000000002,0.022847946571562132,-0.176527,0.68791015,0.9396218027554927,-0.299686,-1.7348273,-1.513278296968543,0.133888,0.0736384,0.05140787978601479,0.126777,0.85472735,0.9053498828981494,0.096745,-1.5167902500000001,-1.513278296968543,0.121306,0.06671830000000001,-0.13137569278648226,0.031527,0.8023398500000001,0.825382069897682,0.122261,-1.5027564500000001,-1.5932461099690105
166,1,46,6.656667232513428,25,0.55,0.119305,0.06561775,0.11995171950070119,0.070065,0.82353575,0.7739741901116672,-0.168836,-1.6628598,-1.6389420031121347,-0.18582,-0.10220100000000001,-0.017135959928671597,-0.198848,0.6756336000000001,0.8368060431834631,-0.227393,-1.6950661500000002,-1.513278296968543,0.162187,0.08920285,0.034271919857343194,0.087173,0.83294515,0.9681817359699454,0.130929,-1.4979890500000002,-1.4961423370398714,0.057873,0.03183015,-0.034271919857343194,0.157109,0.8714099500000001,0.8939259096123684,0.177021,-1.47263845,-1.5532622034687766
167,1,47,6.696774959564209,25,0.55,0.003712,0.0020416,0.07996781300046746,0.366147,0.9863808500000001,0.8710779630408063,-0.13194,-1.642567,-1.6446539897550252,-0.160628,-0.0883454,-0.14279966607226333,-0.294043,0.62327635,0.728278296968543,-0.209954,-1.6854747,-1.7017738561839306,0.147095,0.08090225000000001,0.07996781300046746,0.012932,0.7921126000000001,0.8996378962552589,-0.035529,-1.58954095,-1.5418382301829956,0.098535,0.054194250000000006,0.011423973285781066,0.391752,1.0004636,0.8482300164692441,0.141502,-1.4921739,-1.5589741901116674
168,1,48,6.736898899078369,25,0.55,0.002896,0.0015928000000000001,0.06854383971468639,0.148719,0.86679545,0.9339098161126022,-0.159713,-1.65784215,-1.6446539897550252,-0.079316,-0.043623800000000004,-0.13137569278648226,-0.179188,0.6864466,0.6940063771111997,0.042202,-1.5467889000000001,-1.7246218027554927,-0.066641,-0.036652550000000006,0.03998390650023373,0.201241,0.8956825500000001,0.8939259096123684,-0.083022,-1.6156621,-1.5418382301829956,0.037754,0.020764700000000004,0.028559933214452663,0.339594,0.9717767,0.8596539897550252,-0.02328,-1.582804,-1.5418382301829956
169,1,49,6.776974678039551,25,0.55,0.210496,0.11577280000000001,0.028559933214452663,0.025186,0.7988523000000001,0.9339098161126022,-0.4185,-1.800175,-1.6503659763979157,-0.071084,-0.0390962,-0.13137569278648226,0.116018,0.8488099,0.6825824038254187,0.043033,-1.54633185,-1.7246218027554927,-0.011217,-0.0061693500000000005,0.08567979964335799,0.197881,0.89383455,0.8939259096123684,0.160735,-1.48159575,-1.5589741901116674,-0.040877,-0.02248235,0.034271919857343194,0.291855,0.9455202500000001,0.922485842826821,0.088333,-1.52141685,-1.536126243540105
170,1,50,6.817048072814941,25,0.55,0.181454,0.0997997,0.028559933214452663,-0.169907,0.69155115,0.9339098161126022,-0.349755,-1.76236525,-1.6389420031121347,0.067279,0.03700345000000001,-0.13137569278648226,0.113869,0.84762795,0.728278296968543,0.167619,-1.4778095500000001,-1.7017738561839306,0.049637,0.02730035,0.034271919857343194,0.274315,0.93587325,0.8710779630408063,0.063781,-1.53492045,-1.6160940565405726,-0.136655,-0.07516025000000001,0.011423973285781066,0.18176,0.8849680000000001,1.0024536558272885,-0.016971,-1.5793340500000002,-1.5532622034687766
171,1,51,6.85743522644043,25,0.55,0.16757,0.09216350000000001,0.10852774621492012,-0.237741,0.65424245,0.8425180298263536,-0.166409,-1.66152495,-1.6389420031121347,0.098291,0.054060050000000005,-0.08567979964335799,0.14135,0.8627425000000001,0.7911101500403388,0.069886,-1.5315627,-1.598958096611901,0.003436,0.0018898,0.045695893143124264,0.318976,0.9604368000000001,0.8825019363265874,0.059609,-1.5372150500000001,-1.5532622034687766,-0.063081,-0.034694550000000005,-0.03998390650023373,0.067922,0.8223571000000001,1.008165642470179,-0.012485,-1.57686675,-1.536126243540105
172,1,52,6.897482633590698,25,0.55,0.167193,0.09195615000000001,0.10852774621492012,-0.219221,0.6644284500000001,0.7168543236827619,-0.142097,-1.64815335,-1.781741669184398,0.046038,0.025320900000000004,0.0,0.245946,0.9202703000000001,0.8710779630408063,0.013354,-1.5626553,-1.598958096611901,-0.043017,-0.023659350000000003,0.034271919857343194,0.469043,1.04297365,0.9624697493270548,0.186671,-1.46733095,-1.5589741901116674,0.002223,0.0012226500000000003,-0.07425582635757692,0.135,0.8592500000000001,0.8939259096123684,0.044013,-1.54579285,-1.5703981633974484
173,1,53,6.9375832080841064,25,0.55,0.035785,0.01968175,0.11995171950070119,-0.061892,0.7509594,0.6940063771111997,0.237157,-1.43956365,-1.7189098161126022,0.020481,0.01126455,0.0,0.103834,0.8421087,0.9053498828981494,-0.339216,-1.7565688000000002,-1.5532622034687766,0.087309,0.048019950000000006,0.022847946571562132,0.304203,0.9523116500000001,0.9624697493270548,0.087768,-1.5217276,-1.536126243540105,0.116421,0.06403155,-0.05140787978601479,0.142058,0.8631319000000001,0.8710779630408063,0.20457,-1.4574865000000001,-1.5761101500403387
174,1,54,6.977642774581909,25,0.55,-0.030145,-0.01657975,0.13137569278648226,-0.011853,0.77848085,0.6711584305396376,0.117909,-1.5051500500000001,-1.6560779630408065,-0.191175,-0.10514625000000001,0.005711986642890533,-0.118165,0.72000925,0.8996378962552589,-0.394749,-1.7871119500000001,-1.5475502168258863,0.157998,0.0868989,0.022847946571562132,0.055222,0.8153721,1.0024536558272885,0.076366,-1.5279987000000002,-1.4961423370398714,0.076344,0.0419892,-0.045695893143124264,0.049328,0.8121304,0.8939259096123684,0.17425,-1.4741625,-1.5875341233261198
175,1,55,7.017754316329956,25,0.55,0.034697,0.019083350000000002,0.08567979964335799,0.013056,0.7921808,0.7625502168258862,-0.056802,-1.6012411,-1.598958096611901,-0.153313,-0.08432215000000001,0.005711986642890533,-0.185451,0.68300195,0.8539420031121346,-0.326125,-1.7493687500000001,-1.6503659763979157,0.206295,0.11346225000000001,0.06283185307179585,0.070203,0.82361165,1.0424375623275224,0.069725,-1.5316512500000001,-1.524702270254324,0.035431,0.01948705,-0.005711986642890533,0.268603,0.93273165,0.8767899496836968,0.238338,-1.4389141,-1.5304142568972146
176,1,56,7.057804584503174,25,0.55,-0.134058,-0.07373190000000002,0.05140787978601479,0.297534,0.9486437000000001,0.7968221366832293,0.030862,-1.5530259,-1.5703981633974484,-0.085749,-0.04716195000000001,-0.09139178628624853,-0.341802,0.5970089000000001,0.7168543236827619,-0.166239,-1.66143145,-1.781741669184398,0.212363,0.11679965,0.07425582635757692,-0.002837,0.78343965,0.8882139229694779,-0.117743,-1.63475865,-1.5189902836114335,-0.01583,-0.0087065,-0.017135959928671597,0.320472,0.9612596,0.8882139229694779,0.082921,-1.52439345,-1.5304142568972146
177,1,57,7.097928762435913,25,0.55,0.067515,0.037133250000000007,0.05140787978601479,0.252469,0.92385795,0.8082461099690104,-0.062076,-1.6041418,-1.598958096611901,-0.108942,-0.0599181,-0.09139178628624853,-0.101373,0.7292448500000001,0.6997183637540902,-0.095936,-1.6227648000000001,-1.7588937226128358,0.066589,0.03662395,0.10281575957202958,0.041663,0.8079146500000001,0.8710779630408063,0.060988,-1.5364566000000002,-1.5418382301829956,0.060287,0.03315785,0.017135959928671597,0.386318,0.9974749,0.9396218027554927,0.137036,-1.4946302,-1.5189902836114335
178,1,58,7.138024568557739,25,0.55,0.161887,0.08903785000000002,-0.005711986642890533,0.105054,0.8427797,0.8996378962552589,-0.348347,-1.7615908500000002,-1.5761101500403387,0.012263,0.0067446500000000005,-0.07996781300046746,0.042698,0.8084839,0.6654464438967471,0.201123,-1.45938235,-1.7189098161126022,-0.11996,-0.06597800000000001,0.11423973285781065,0.036414,0.8050277,0.8310940565405726,0.132722,-1.4970029,-1.6275180298263536,0.065154,0.035834700000000004,0.011423973285781066,0.377916,0.9928538,0.9681817359699454,0.046887,-1.5442121500000001,-1.513278296968543
179,1,59,7.178058862686157,25,0.55,0.24728,0.136004,0.03998390650023373,-0.183509,0.68407005,0.9396218027554927,-0.365181,-1.77084955,-1.5761101500403387,-0.035055,-0.019280250000000002,-0.07996781300046746,0.044768,0.8096224000000001,0.728278296968543,0.104141,-1.51272245,-1.6903498828981496,0.09185,0.05051750000000001,0.11423973285781065,0.143523,0.86393765,0.7968221366832293,0.178033,-1.4720818500000001,-1.5818221366832295,-0.238112,-0.1309616,0.005711986642890533,0.190181,0.88959955,0.996741669184398,-0.036047,-1.58982585,-1.524702270254324
180,1,60,7.218135833740234,25,0.55,0.161383,0.08876065000000001,0.08567979964335799,-0.216238,0.6660691,0.813958096611901,-0.204313,-1.68237215,-1.7874536558272887,-0.018922,-0.0104071,-0.05140787978601479,0.083973,0.83118515,0.8425180298263536,0.113496,-1.5075772,-1.5475502168258863,0.104038,0.057220900000000005,0.022847946571562132,0.232618,0.9129399,0.8082461099690104,0.028886,-1.5541127000000001,-1.5646861767545577,-0.152804,-0.0840422,0.034271919857343194,0.079104,0.8285072,0.996741669184398,-0.039451,-1.59169805,-1.5589741901116674
181,1,61,7.258219242095947,25,0.55,0.023123,0.012717650000000002,0.11995171950070119,-0.188402,0.6813789,0.7339902836114335,0.0019,-1.568955,-1.80458961575596,0.038285,0.021056750000000003,-0.045695893143124264,0.194329,0.89188095,0.8882139229694779,-0.048655,-1.59676025,-1.5532622034687766,0.085438,0.0469909,0.05140787978601479,0.340725,0.97239875,0.8825019363265874,0.068064,-1.5325648,-1.5475502168258863,-0.055292,-0.030410600000000003,0.034271919857343194,0.180662,0.8843641,0.8996378962552589,0.037717,-1.54925565,-1.610382069897682
182,1,62,7.298294305801392,25,0.55,-0.048939,-0.026916450000000005,0.09710377292913905,0.006264,0.7884452000000001,0.6940063771111997,0.258477,-1.42783765,-1.7131978294697117,-0.044662,-0.024564100000000002,-0.034271919857343194,0.12514,0.853827,0.8939259096123684,-0.261585,-1.71387175,-1.5475502168258863,0.041518,0.0228349,0.057119866428905326,0.11371,0.8475405,0.8710779630408063,0.078174,-1.5270043,-1.5189902836114335,0.087096,0.04790280000000001,-0.10852774621492012,0.178867,0.88337685,0.8539420031121346,0.14481,-1.4903545,-1.6046700832547915
183,1,63,7.338366508483887,25,0.55,0.01775,0.0097625,0.045695893143124264,0.081261,0.82969355,0.7111423370398714,-0.009449,-1.57519695,-1.6389420031121347,-0.157631,-0.08669705,-0.011423973285781066,-0.051544,0.7566508000000001,0.8710779630408063,-0.355721,-1.76564655,-1.5818221366832295,0.075265,0.04139575,0.08567979964335799,0.136877,0.8602823500000001,0.922485842826821,0.097526,-1.5163607000000001,-1.536126243540105,-0.00358,-0.0019690000000000003,-0.03998390650023373,0.114535,0.8479942500000001,0.9053498828981494,0.171355,-1.4757547500000001,-1.6160940565405726
184,1,64,7.378498792648315,25,0.55,-0.062192,-0.0342056,0.034271919857343194,0.12004,0.8510220000000001,0.7682622034687767,0.036169,-1.55010705,-1.5646861767545577,-0.165641,-0.09110255000000002,-0.022847946571562132,-0.281852,0.6299814,0.8196700832547915,-0.212319,-1.68677545,-1.6789259096123685,0.190187,0.10460285000000001,0.03998390650023373,0.000574,0.7853157000000001,0.9339098161126022,-0.063716,-1.6050438,-1.5418382301829956,0.055344,0.0304392,-0.028559933214452663,0.188716,0.8887938000000001,0.8825019363265874,0.145307,-1.49008115,-1.5818221366832295
185,1,65,7.41863489151001,25,0.55,-0.062202,-0.0342111,0.011423973285781066,0.255091,0.92530005,0.8482300164692441,0.068696,-1.5322172,-1.5818221366832295,-0.063067,-0.034686850000000005,-0.1256637061435917,-0.296846,0.6217347,0.739702270254324,-0.172283,-1.66475565,-1.7360457760412737,0.211635,0.11639925000000001,0.05140787978601479,-0.074208,0.7441856,0.9339098161126022,-0.03832,-1.5910760000000002,-1.524702270254324,0.011188,0.006153400000000001,-0.028559933214452663,0.385969,0.99728295,0.8767899496836968,0.196522,-1.4619129,-1.5646861767545577
186,1,66,7.458653211593628,25,0.55,0.124602,0.06853110000000001,0.028559933214452663,0.239452,0.9166986,0.8996378962552589,-0.322352,-1.7472936000000001,-1.5703981633974484,0.046135,0.025374250000000004,-0.11423973285781065,-0.063938,0.7498341000000001,0.7168543236827619,0.319797,-1.3941116500000001,-1.7474697493270548,-0.128373,-0.07060515,0.08567979964335799,0.128663,0.85576465,0.825382069897682,0.137371,-1.49444595,-1.5761101500403387,-0.014953,-0.00822415,-0.022847946571562132,0.364203,0.9853116500000001,0.8825019363265874,0.037952,-1.5491264,-1.5304142568972146
187,1,67,7.4987664222717285,25,0.55,0.264509,0.14547995,0.022847946571562132,-0.031184,0.7678488,0.9396218027554927,-0.462677,-1.8244723500000002,-1.5475502168258863,0.022204,0.012212200000000001,-0.045695893143124264,-0.006839,0.78123855,0.6654464438967471,0.257228,-1.4285246,-1.7303337893983832,-0.07349,-0.040419500000000004,0.1256637061435917,0.119426,0.8506843000000001,0.751126243540105,0.143664,-1.4909848,-1.6160940565405726,-0.157969,-0.08688295,-0.022847946571562132,0.319915,0.96095325,0.9453337893983832,-0.027443,-1.5850936500000001,-1.536126243540105
188,1,68,7.538833141326904,25,0.55,0.2021,0.111155,0.06283185307179585,-0.209892,0.6695594,0.8767899496836968,-0.296354,-1.7329947,-1.7303337893983832,0.035272,0.0193996,0.011423973285781066,0.075536,0.8265448000000001,0.7625502168258862,0.20251,-1.4586195,-1.598958096611901,0.030196,0.016607800000000002,0.08567979964335799,0.177736,0.8827548000000001,0.8310940565405726,0.05243,-1.5411635000000001,-1.610382069897682,-0.224939,-0.12371645,-0.034271919857343194,0.119865,0.85092575,0.985317695898617,-0.088054,-1.6184297,-1.513278296968543
189,1,69,7.578892946243286,25,0.55,0.211253,0.11618915,0.09710377292913905,-0.33617,0.6001065,0.813958096611901,-0.250573,-1.70781515,-1.8217255756846318,0.048451,0.026648050000000003,-0.017135959928671597,0.199726,0.8948493000000001,0.7911101500403388,0.129365,-1.4988492500000001,-1.5418382301829956,0.02097,0.0115335,0.022847946571562132,0.446772,1.0307246,0.8825019363265874,0.137838,-1.4941891,-1.536126243540105,-0.078118,-0.04296490000000001,-0.06854383971468639,0.06211,0.8191605000000001,0.9567577626841642,-0.050333,-1.5976831500000002,-1.598958096611901
190,1,70,7.618989944458008,25,0.55,0.166915,0.09180325000000002,0.11423973285781065,-0.143797,0.70591165,0.7168543236827619,-0.145348,-1.6499414000000001,-1.793165642470179,0.009437,0.00519035,-0.017135959928671597,0.227939,0.91036645,0.8596539897550252,0.10473,-1.5123985,-1.5304142568972146,-0.119468,-0.06570740000000001,0.028559933214452663,0.268008,0.9324044,0.91106186954104,0.029773,-1.55362485,-1.5418382301829956,0.030877,0.016982350000000004,-0.13137569278648226,0.13554,0.8595470000000001,0.9053498828981494,-0.009612,-1.5752866,-1.6275180298263536
191,1,71,7.659077167510986,25,0.55,0.096594,0.053126700000000006,0.14279966607226333,0.022604,0.7974322,0.6140385641107323,0.021341,-1.55826245,-1.6903498828981496,-0.135958,-0.07477690000000001,0.011423973285781066,0.129471,0.85620905,0.8767899496836968,-0.306073,-1.73834015,-1.5304142568972146,-0.030035,-0.01651925,0.011423973285781066,0.26706,0.931883,0.8425180298263536,0.154723,-1.48490235,-1.536126243540105,0.106735,0.05870425,-0.06283185307179585,0.038232,0.8060276000000001,0.8482300164692441,0.227483,-1.4448843500000002,-1.6046700832547915
192,1,72,7.6991493701934814,25,0.55,0.012717,0.00699435,0.1256637061435917,0.01026,0.790643,0.6483104839680756,0.121135,-1.50337575,-1.6503659763979157,-0.129799,-0.07138945000000001,-0.022847946571562132,-0.049903,0.75755335,0.9281978294697116,-0.410785,-1.79593175,-1.5304142568972146,0.108785,0.05983175000000001,0.05140787978601479,0.013962,0.7926791000000001,1.0367255756846316,0.044712,-1.5454084000000001,-1.5475502168258863,0.067536,0.037144800000000006,-0.03998390650023373,0.007931,0.78936205,0.8539420031121346,0.206266,-1.4565537,-1.610382069897682
193,1,73,7.739314556121826,25,0.55,0.009525,0.00523875,0.09710377292913905,0.020477,0.79626235,0.7911101500403388,-0.042775,-1.59352625,-1.5932461099690105,-0.112024,-0.06161320000000001,-0.08567979964335799,-0.207996,0.6706022,0.8825019363265874,-0.25951,-1.7127305000000002,-1.6903498828981496,0.313421,0.17238155000000002,0.005711986642890533,0.060805,0.81844275,0.9681817359699454,0.040598,-1.5476711,-1.524702270254324,-0.045512,-0.0250316,0.017135959928671597,0.219623,0.9057926500000001,0.8539420031121346,0.215933,-1.4512368500000001,-1.5875341233261198
194,1,74,7.779323101043701,25,0.55,0.058587,0.032222850000000004,0.05140787978601479,0.323866,0.9631263000000001,0.8310940565405726,0.151172,-1.4868554,-1.5646861767545577,-0.153555,-0.08445525000000001,-0.08567979964335799,-0.237187,0.65454715,0.8825019363265874,-0.241001,-1.70255055,-1.7988776291130697,0.172594,0.0949267,0.057119866428905326,-0.078801,0.74165945,0.9453337893983832,0.010383,-1.5642893500000001,-1.5304142568972146,-0.045125,-0.02481875,-0.017135959928671597,0.241349,0.91774195,0.8882139229694779,0.077331,-1.5274679500000001,-1.536126243540105
195,1,75,7.81940221786499,25,0.55,-0.028216,-0.015518800000000003,0.057119866428905326,0.29908,0.9494940000000001,0.8539420031121346,-0.082495,-1.61537225,-1.5818221366832295,-0.065114,-0.0358127,-0.09139178628624853,-0.141398,0.7072311,0.6825824038254187,-0.043045,-1.5936747500000001,-1.7474697493270548,0.0909,0.049995,0.21134350578694971,0.004364,0.7874002,0.8710779630408063,0.036579,-1.54988155,-1.5475502168258863,0.061499,0.03382445,-0.028559933214452663,0.402953,1.00662415,0.8882139229694779,0.244558,-1.4354931,-1.513278296968543
196,1,76,7.859800815582275,25,0.55,0.293155,0.16123525000000002,0.034271919857343194,0.117823,0.84980265,0.9167738561839305,-0.391848,-1.7855164000000001,-1.5189902836114335,-0.003375,-0.00185625,-0.09139178628624853,0.118269,0.85004795,0.6711584305396376,-0.083365,-1.6158507500000001,-1.7417577626841643,-0.032346,-0.017790300000000002,0.21134350578694971,0.014562,0.7930091,0.8710779630408063,0.214627,-1.45195515,-1.5646861767545577,-0.020244,-0.011134200000000002,-0.028559933214452663,0.250493,0.9227711500000001,0.9167738561839305,0.126032,-1.5006824,-1.524702270254324
197,1,77,7.8998401165008545,25,0.55,0.201223,0.11067265000000001,0.022847946571562132,-0.145255,0.70510975,0.9681817359699454,-0.282604,-1.7254322000000002,-1.5932461099690105,0.02216,0.012188000000000001,-0.06854383971468639,0.085548,0.8320514,0.7054303503969808,0.069974,-1.5315143,-1.7017738561839306,0.044477,0.024462350000000004,0.13137569278648226,0.141073,0.86259015,0.7796861767545578,0.088334,-1.5214163,-1.5703981633974484,-0.203506,-0.11192830000000001,-0.022847946571562132,0.138049,0.8609269500000001,0.9738937226128359,-0.069758,-1.6083669,-1.4618704171825283
198,1,78,7.939963340759277,25,0.55,0.191401,0.10527055,0.11995171950070119,-0.27866,0.631737,0.8767899496836968,-0.236968,-1.7003324000000002,-1.6903498828981496,0.103253,0.056789150000000004,-0.05140787978601479,0.110053,0.8455291500000001,0.825382069897682,-0.017525,-1.57963875,-1.6617899496836968,0.04662,0.025641000000000004,0.06854383971468639,0.326902,0.9647961,0.7796861767545578,0.075868,-1.5282726,-1.5304142568972146,-0.085585,-0.04707175,-0.011423973285781066,0.049735,0.81235425,0.9910296825415075,0.008175,-1.56550375,-1.4847183637540904
199,1,79,7.979981899261475,25,0.55,0.144008,0.07920440000000001,0.11423973285781065,-0.222259,0.66275755,0.7225663103256524,-0.157459,-1.65660245,-1.7531817359699455,-0.044337,-0.024385350000000004,-0.05140787978601479,0.292498,0.9458739,0.8825019363265874,0.015407,-1.5615261500000002,-1.6160940565405726,0.104207,0.05731385,0.07425582635757692,0.303812,0.9520966000000001,0.7796861767545578,0.123916,-1.5018462000000001,-1.5304142568972146,0.009048,0.004976400000000001,-0.07996781300046746,0.144309,0.86436995,0.8425180298263536,0.095599,-1.51742055,-1.621806043183463
200,1,80,8.020103931427002,25,0.55,0.054915,0.03020325,0.14279966607226333,-0.032811,0.76695395,0.6711584305396376,0.061612,-1.5361134,-1.7131978294697117,-0.037548,-0.0206514,-0.005711986642890533,0.11735,0.8495425000000001,0.8996378962552589,-0.195443,-1.6774936500000002,-1.6160940565405726,0.040521,0.022286550000000002,0.057119866428905326,0.277805,0.9377927500000001,0.9339098161126022,0.120455,-1.50374975,-1.524702270254324,0.040743,0.022408650000000002,-0.07996781300046746,0.178345,0.88308975,0.813958096611901,0.195618,-1.4624101,-1.610382069897682
201,1,81,8.060172080993652,25,0.55,0.085116,0.0468138,0.09710377292913905,0.098105,0.8389577500000001,0.6540224706109661,-0.071224,-1.6091732,-1.6960618695410399,-0.143272,-0.07879960000000001,-0.017135959928671597,-0.048233,0.7584718500000001,0.9453337893983832,-0.360031,-1.76801705,-1.598958096611901,0.083179,0.04574845,0.06283185307179585,0.092217,0.8357193500000001,0.922485842826821,0.091713,-1.51955785,-1.5304142568972146,0.022435,0.012339250000000001,-0.005711986642890533,0.124698,0.8535839000000001,0.8425180298263536,0.172827,-1.4749451500000001,-1.5875341233261198
202,1,82,8.100259065628052,25,0.55,0.011621,0.00639155,0.09139178628624853,0.227593,0.9101761500000001,0.7739741901116672,-0.027398,-1.5850689,-1.621806043183463,-0.140553,-0.07730415000000002,-0.022847946571562132,-0.312547,0.61309915,0.8710779630408063,-0.295386,-1.7324623000000001,-1.598958096611901,0.208962,0.11492910000000002,0.034271919857343194,0.011576,0.7913668,0.9281978294697116,-0.063654,-1.6050097,-1.513278296968543,-0.019105,-0.010507750000000001,-0.022847946571562132,0.369471,0.98820905,0.8710779630408063,0.186488,-1.4674316,-1.5304142568972146
203,1,83,8.140333890914917,25,0.55,0.019352,0.010643600000000001,0.057119866428905326,0.280499,0.9392744500000001,0.7739741901116672,0.064449,-1.53455305,-1.621806043183463,-0.171325,-0.09422875000000001,-0.07425582635757692,-0.277182,0.6325499,0.7796861767545578,-0.157773,-1.65677515,-1.598958096611901,0.139079,0.07649345,0.045695893143124264,-0.044418,0.7605701,0.9453337893983832,-0.035096,-1.5893028,-1.6046700832547915,-0.0222,-0.012210000000000002,-0.022847946571562132,0.328466,0.9656563,0.8825019363265874,0.136163,-1.49511035,-1.5532622034687766
204,1,84,8.180417537689209,25,0.55,0.056808,0.031244400000000002,0.06283185307179585,0.287919,0.9433554500000001,0.9281978294697116,-0.109067,-1.62998685,-1.5875341233261198,-0.119087,-0.06549785000000001,-0.07996781300046746,-0.064658,0.7494381,0.6940063771111997,-0.094252,-1.6218386,-1.781741669184398,0.05034,0.027687000000000003,0.07996781300046746,-0.078703,0.74171335,0.8939259096123684,0.086346,-1.5225097,-1.5875341233261198,0.117066,0.06438630000000001,-0.028559933214452663,0.365715,0.98614325,0.922485842826821,0.239045,-1.43852525,-1.513278296968543
205,1,85,8.220481395721436,25,0.55,0.210659,0.11586245000000002,0.03998390650023373,0.110441,0.84574255,0.9510457760412737,-0.404294,-1.7923617,-1.5875341233261198,-0.012148,-0.006681400000000001,-0.08567979964335799,0.055411,0.81547605,0.6940063771111997,0.191404,-1.4647278000000001,-1.7417577626841643,-0.052634,-0.0289487,0.09139178628624853,0.205692,0.8981306,0.8653659763979158,0.158353,-1.48290585,-1.610382069897682,0.005261,0.0028935500000000004,-0.011423973285781066,0.41006,1.0105330000000001,0.9567577626841642,0.194825,-1.4628462500000001,-1.501854323682762
206,1,86,8.260565996170044,25,0.55,0.277548,0.15265140000000002,0.034271919857343194,-0.147974,0.7036143,0.9510457760412737,-0.389172,-1.7840446,-1.598958096611901,-0.136281,-0.07495455000000001,-0.09139178628624853,0.051466,0.8133063,0.7625502168258862,0.07735,-1.5274575000000001,-1.6560779630408065,0.100587,0.05532285,0.08567979964335799,0.157974,0.8718857,0.7911101500403388,0.160282,-1.4818449,-1.610382069897682,-0.158503,-0.08717665000000001,0.034271919857343194,0.172281,0.87975455,0.9910296825415075,0.008579,-1.5652815500000001,-1.501854323682762
207,1,87,8.300638198852539,25,0.55,0.197554,0.1086547,0.1256637061435917,-0.270532,0.6362074,0.7911101500403388,-0.26361,-1.7149855,-1.7988776291130697,-0.059996,-0.0329978,-0.09139178628624853,0.250402,0.9227211000000001,0.8596539897550252,0.210598,-1.4541711,-1.598958096611901,0.039082,0.0214951,0.05140787978601479,0.273253,0.93528915,0.8596539897550252,-0.017365,-1.5795507500000001,-1.5875341233261198,-0.112833,-0.062058150000000006,-0.011423973285781066,0.062988,0.8196434,1.0481495489704127,-0.041348,-1.5927414,-1.4447344572538565
208,1,88,8.34077525138855,25,0.55,0.020411,0.01122605,0.13708767942937278,-0.267457,0.63789865,0.751126243540105,-0.091073,-1.62009015,-1.8502855088990846,0.023221,0.01277155,-0.09139178628624853,0.210011,0.9005060500000001,0.8710779630408063,0.108372,-1.5103954000000002,-1.5875341233261198,0.030602,0.0168311,0.08567979964335799,0.338451,0.97114805,0.8882139229694779,0.009864,-1.5645748000000002,-1.536126243540105,-0.092977,-0.051137350000000005,-0.09710377292913905,0.000587,0.78532285,0.9053498828981494,0.029458,-1.5537981,-1.6160940565405726
209,1,89,8.380810976028442,25,0.55,0.011477,0.00631235,0.11995171950070119,-0.041182,0.7623499,0.6597344572538566,0.041189,-1.54734605,-1.7417577626841643,-0.136592,-0.0751256,-0.057119866428905326,0.205644,0.8981042,0.91106186954104,-0.205743,-1.68315865,-1.524702270254324,0.014868,0.0081774,0.06283185307179585,0.327103,0.9649066500000001,0.9510457760412737,0.157786,-1.4832177,-1.5418382301829956,0.035851,0.01971805,-0.08567979964335799,0.05681,0.8162455000000001,0.8196700832547915,0.279327,-1.41637015,-1.6275180298263536
210,1,90,8.420893669128418,25,0.55,0.017041,0.00937255,0.06283185307179585,0.018558,0.7952069,0.6654464438967471,0.124787,-1.50136715,-1.6903498828981496,-0.183565,-0.10096075000000002,-0.017135959928671597,-0.143977,0.70581265,0.9167738561839305,-0.343801,-1.75909055,-1.5646861767545577,0.125931,0.06926205,0.03998390650023373,0.176034,0.8818187000000001,0.9510457760412737,0.057804,-1.5382078000000001,-1.5475502168258863,0.052297,0.028763350000000003,-0.05140787978601479,0.063134,0.8197237,0.8196700832547915,0.247762,-1.4337309,-1.6046700832547915
211,1,91,8.46099328994751,25,0.55,-0.055119,-0.030315450000000004,0.06283185307179585,0.086235,0.83242925,0.7054303503969808,0.026759,-1.55528255,-1.6503659763979157,-0.15841,-0.08712550000000001,-0.08567979964335799,-0.281089,0.63040105,0.9053498828981494,-0.242029,-1.7031159500000002,-1.5646861767545577,0.104837,0.057660350000000006,0.05140787978601479,0.025491,0.79902005,1.0253016023988506,-0.045383,-1.59496065,-1.513278296968543,0.00168,0.0009240000000000001,-0.05140787978601479,0.19055,0.8898025,0.8196700832547915,0.078802,-1.5266589000000002,-1.5589741901116674
212,1,92,8.501119375228882,25,0.55,-0.004807,-0.00264385,0.045695893143124264,0.286907,0.9427988500000001,0.8482300164692441,0.000835,-1.56954075,-1.6503659763979157,-0.13981,-0.0768955,-0.09710377292913905,-0.285751,0.6278369500000001,0.7339902836114335,-0.118251,-1.6350380500000001,-1.7874536558272887,0.083943,0.046168650000000006,0.057119866428905326,0.156851,0.8712680500000001,0.9396218027554927,-0.161454,-1.6587997,-1.5189902836114335,-0.031469,-0.01730795,-0.045695893143124264,0.344664,0.9745652,0.8767899496836968,0.020892,-1.5585094000000002,-1.5304142568972146
213,1,93,8.541165828704834,25,0.55,0.096841,0.053262550000000006,0.045695893143124264,0.267397,0.93206835,0.91106186954104,-0.200604,-1.6803322,-1.5475502168258863,-0.012708,-0.006989400000000001,-0.11995171950070119,-0.091863,0.7344753500000001,0.6540224706109661,0.21193,-1.4534385,-1.7474697493270548,-0.084434,-0.0464387,0.06283185307179585,0.227572,0.9101646000000001,0.8882139229694779,-0.011796,-1.5764878,-1.5818221366832295,0.004086,0.0022473000000000003,-0.028559933214452663,0.316007,0.95880385,0.8825019363265874,0.080395,-1.52578275,-1.524702270254324
214,1,94,8.58122968673706,25,0.55,0.317322,0.17452710000000002,0.011423973285781066,0.03418,0.803799,0.922485842826821,-0.43484,-1.8091620000000002,-1.5475502168258863,0.046437,0.02554035,-0.09710377292913905,0.094007,0.83670385,0.6654464438967471,0.151621,-1.48660845,-1.7131978294697117,-0.162914,-0.08960270000000001,0.06283185307179585,0.152298,0.8687639,0.825382069897682,0.075519,-1.52846455,-1.6446539897550252,-0.011249,-0.006186950000000001,-0.022847946571562132,0.285486,0.9420173000000001,0.9510457760412737,0.018848,-1.5596336,-1.5761101500403387
215,1,95,8.621334552764893,25,0.55,0.230112,0.12656160000000002,0.017135959928671597,-0.225827,0.66079515,0.9281978294697116,-0.26355,-1.7149525,-1.6960618695410399,0.017955,0.00987525,-0.034271919857343194,-0.068306,0.7474317,0.7339902836114335,0.057379,-1.5384415500000002,-1.5875341233261198,-0.117608,-0.0646844,0.017135959928671597,0.351,0.9780500000000001,0.8710779630408063,0.104795,-1.51236275,-1.6446539897550252,-0.143104,-0.0787072,-0.017135959928671597,0.052494,0.8138717,1.0024536558272885,-0.027638,-1.5852009,-1.5761101500403387
216,1,96,8.661395788192749,25,0.55,0.133185,0.07325175,0.13708767942937278,-0.227818,0.6597001,0.8025341233261198,-0.046216,-1.5954188,-1.793165642470179,0.071055,0.03908025,-0.022847946571562132,0.184485,0.8864667500000001,0.7911101500403388,0.017033,-1.56063185,-1.5532622034687766,0.025694,0.014131700000000002,-0.028559933214452663,0.338446,0.9711453000000001,0.9167738561839305,0.067869,-1.53267205,-1.5875341233261198,0.025659,0.014112450000000002,-0.011423973285781066,0.088121,0.83346655,0.9567577626841642,-0.004082,-1.5722451,-1.5703981633974484
217,1,97,8.701543807983398,25,0.55,0.065945,0.03626975,0.14851165271515385,-0.035255,0.76560975,0.728278296968543,0.126392,-1.5004844,-1.7531817359699455,0.030618,0.0168399,0.0,0.1603,0.8731650000000001,0.8425180298263536,-0.282862,-1.7255741,-1.5761101500403387,0.006897,0.0037933500000000005,-0.011423973285781066,0.319421,0.9606815500000001,0.9624697493270548,0.043399,-1.54613055,-1.5589741901116674,0.025348,0.013941400000000001,-0.057119866428905326,0.222257,0.9072413500000001,0.8767899496836968,0.150355,-1.48730475,-1.5932461099690105
218,1,98,8.741634607315063,25,0.55,-0.017049,-0.009376950000000002,0.09139178628624853,-0.015361,0.77655145,0.6711584305396376,0.19866,-1.460737,-1.6732139229694778,-0.071068,-0.03908740000000001,0.0,-0.003408,0.7831256,0.8825019363265874,-0.372176,-1.7746968,-1.5761101500403387,0.088211,0.048516050000000005,-0.005711986642890533,0.095296,0.8374128000000001,0.9681817359699454,-0.00578,-1.573179,-1.5703981633974484,0.042455,0.023350250000000003,-0.017135959928671597,0.063543,0.8199486500000001,0.8825019363265874,0.187608,-1.4668156,-1.6046700832547915
219,1,99,8.78171706199646,25,0.55,-0.043026,-0.023664300000000003,0.08567979964335799,0.022606,0.7974333,0.7339902836114335,0.023006,-1.5573467,-1.5875341233261198,-0.090576,-0.04981680000000001,0.022847946571562132,-0.18569,0.6828705,0.8653659763979158,-0.297875,-1.7338312500000002,-1.5761101500403387,0.276389,0.15201395,-0.011423973285781066,0.060946,0.8185203000000001,0.9796057092557264,-0.014084,-1.5777462,-1.5818221366832295,-0.012934,-0.007113700000000001,-0.05140787978601479,0.121412,0.8517766,0.8996378962552589,0.291432,-1.4097124,-1.4961423370398714
220,1,100,8.821894645690918,25,0.55,-0.058302,-0.0320661,0.017135959928671597,0.117147,0.8494308500000001,0.7911101500403388,0.004473,-1.56753985,-1.536126243540105,-0.051982,-0.028590100000000004,-0.06283185307179585,-0.236757,0.65478365,0.8653659763979158,-0.115779,-1.6336784500000001,-1.7531817359699455,0.115158,0.0633369,0.022847946571562132,0.015117,0.7933143500000001,0.91106186954104,0.011806,-1.5635067,-1.5589741901116674,0.072675,0.03997125000000001,-0.011423973285781066,0.391691,1.00043005,0.9167738561839305,0.150191,-1.48739495,-1.536126243540105
221,1,101,8.862247467041016,25,0.55,0.096865,0.05327575000000001,0.057119866428905326,0.170936,0.8790148,0.8482300164692441,-0.17119,-1.6641545,-1.5703981633974484,-0.019888,-0.010938400000000001,-0.07996781300046746,-0.13049,0.7132305,0.7225663103256524,0.020075,-1.5589587500000002,-1.7646057092557266,-0.033742,-0.0185581,0.13137569278648226,0.022699,0.79748445,0.8653659763979158,0.035057,-1.55071865,-1.5818221366832295,0.108517,0.059684350000000004,0.0,0.438956,1.0264258000000002,0.9053498828981494,0.124049,-1.5017730500000002,-1.513278296968543
222,1,102,8.902313947677612,25,0.55,0.241941,0.13306755,0.057119866428905326,-0.015854,0.7762803,0.8539420031121346,-0.3614,-1.76877,-1.5761101500403387,0.006046,0.0033253000000000002,-0.05140787978601479,0.04943,0.8121865,0.7054303503969808,0.103629,-1.5130040500000002,-1.7303337893983832,-0.00933,-0.005131500000000001,0.13137569278648226,0.058525,0.81718875,0.8482300164692441,0.178672,-1.4717304,-1.5646861767545577,-0.064311,-0.03537105,0.011423973285781066,0.343964,0.9741802,0.9567577626841642,-0.012054,-1.5766297,-1.4790063771111996
223,1,103,8.942315101623535,25,0.55,0.195477,0.10751235000000002,0.028559933214452663,-0.200874,0.6745193,0.8482300164692441,-0.304381,-1.7374095500000002,-1.6732139229694778,0.106689,0.05867895000000001,-0.05140787978601479,0.049856,0.8124208,0.751126243540105,0.021384,-1.5582388,-1.6617899496836968,0.038266,0.021046300000000004,0.022847946571562132,0.215276,0.9034018,0.825382069897682,0.065035,-1.53423075,-1.5818221366832295,-0.111643,-0.06140365000000001,0.022847946571562132,0.123438,0.8528909,0.9796057092557264,-0.028117,-1.58546435,-1.4904303503969807
224,1,104,8.982433557510376,25,0.55,0.148799,0.08183945,0.11423973285781065,-0.244399,0.65058055,0.7968221366832293,-0.205926,-1.6832593,-1.7646057092557266,0.151117,0.08311435,-0.05140787978601479,0.23733,0.9155315,0.751126243540105,0.02115,-1.5583675000000001,-1.5875341233261198,-0.000321,-0.00017655,0.03998390650023373,0.441688,1.0279284,0.8710779630408063,0.087345,-1.52196025,-1.5589741901116674,-0.073517,-0.04043435,-0.017135959928671597,0.112703,0.8469866500000001,0.985317695898617,-0.014786,-1.5781323,-1.5875341233261198
225,1,105,9.022544384002686,25,0.55,0.159716,0.0878438,0.10852774621492012,-0.080902,0.7405039,0.7339902836114335,-0.220377,-1.69120735,-1.7646057092557266,0.011711,0.00644105,0.011423973285781066,0.252503,0.92387665,0.8596539897550252,0.085998,-1.5227011000000001,-1.5932461099690105,-0.017203,-0.00946165,0.034271919857343194,0.312927,0.95710985,0.8710779630408063,0.123648,-1.5019936,-1.5475502168258863,0.024094,0.013251700000000002,-0.045695893143124264,0.019246,0.7955853,0.8996378962552589,0.038618,-1.5487601,-1.5875341233261198
226,1,106,9.062601327896118,25,0.55,0.148695,0.08178225,0.13137569278648226,0.053196,0.8142578,0.6768704171825282,-0.138732,-1.6463026,-1.6903498828981496,-0.167525,-0.09213875,0.011423973285781066,0.097906,0.8388483,0.8825019363265874,-0.32626,-1.749443,-1.5818221366832295,0.009711,0.00534105,0.03998390650023373,0.325634,0.9640987000000001,0.9339098161126022,0.102398,-1.5136811000000001,-1.5475502168258863,0.069994,0.0384967,-0.057119866428905326,0.003578,0.7869679,0.8825019363265874,0.269931,-1.42153795,-1.610382069897682
227,1,107,9.102675437927246,25,0.55,0.097736,0.053754800000000005,0.11995171950070119,0.043178,0.8087479000000001,0.6882943904683092,-0.005765,-1.57317075,-1.6846378962552588,-0.173625,-0.09549375,0.011423973285781066,-0.150458,0.7022481,0.9567577626841642,-0.412382,-1.7968101,-1.5875341233261198,0.119746,0.06586030000000001,0.03998390650023373,0.205203,0.8978616500000001,1.008165642470179,0.054622,-1.5399579,-1.5075663103256525,0.09734,0.053537,-0.028559933214452663,0.19369,0.8915295000000001,0.8767899496836968,0.250446,-1.4322547,-1.5932461099690105
228,1,108,9.1427640914917,25,0.55,0.111961,0.06157855000000001,0.11423973285781065,0.197652,0.8937086000000001,0.8310940565405726,0.059075,-1.53750875,-1.6903498828981496,-0.265632,-0.1460976,-0.11423973285781065,-0.242674,0.6515293,0.9567577626841642,-0.45256,-1.818908,-1.5932461099690105,0.250433,0.13773815000000003,0.028559933214452663,0.001034,0.7855687,1.0253016023988506,-0.082489,-1.6153689500000001,-1.4961423370398714,0.07583,0.0417065,-0.005711986642890533,0.188879,0.88888345,0.8482300164692441,0.204792,-1.4573644000000001,-1.5304142568972146
229,1,109,9.18290638923645,25,0.55,-0.038906,-0.021398300000000002,0.08567979964335799,0.252222,0.9237221,0.8767899496836968,-0.014034,-1.5777187000000001,-1.6389420031121347,-0.074648,-0.04105640000000001,-0.10852774621492012,-0.30772,0.615754,0.9567577626841642,-0.06998,-1.608489,-1.80458961575596,0.037993,0.020896150000000002,0.028559933214452663,0.0383,0.806065,0.9910296825415075,-0.084522,-1.6164871,-1.5189902836114335,0.064098,0.035253900000000005,0.005711986642890533,0.381554,0.9948547000000001,0.8825019363265874,0.035091,-1.55069995,-1.524702270254324
230,1,110,9.222953796386719,25,0.55,0.12501,0.06875550000000001,0.09710377292913905,0.19711,0.8934105,0.8825019363265874,-0.228339,-1.69558645,-1.6332300164692442,-0.060438,-0.033240900000000004,-0.11995171950070119,-0.136211,0.71008395,0.6368865106822944,0.069973,-1.53151485,-1.8103016023988507,-0.058202,-0.0320111,0.11423973285781065,0.169457,0.87820135,0.8539420031121346,-0.000153,-1.57008415,-1.6389420031121347,0.093762,0.05156910000000001,0.011423973285781066,0.417683,1.0147256500000001,0.91106186954104,0.069811,-1.53160395,-1.513278296968543
231,1,111,9.263020277023315,25,0.55,0.255081,0.14029455000000002,0.022847946571562132,0.047984,0.8113912,0.91106186954104,-0.300688,-1.7353784,-1.6275180298263536,0.003535,0.0019442500000000002,-0.08567979964335799,0.063809,0.82009495,0.6368865106822944,0.180227,-1.4708751500000001,-1.707485842826821,-0.084906,-0.0466983,0.11423973285781065,0.247747,0.92126085,0.8539420031121346,0.084821,-1.52334845,-1.6332300164692442,-0.042372,-0.0233046,0.028559933214452663,0.293912,0.9466516,0.91106186954104,-0.075707,-1.61163885,-1.5189902836114335
232,1,112,9.30311131477356,25,0.55,0.287059,0.15788245,0.05140787978601479,-0.217719,0.66525455,0.8653659763979158,-0.276841,-1.7222625500000002,-1.6503659763979157,-0.034479,-0.018963450000000003,-0.05140787978601479,0.006787,0.78873285,0.7054303503969808,0.090533,-1.52020685,-1.707485842826821,-0.029206,-0.016063300000000003,0.034271919857343194,0.241356,0.9177458000000001,0.8882139229694779,0.00967,-1.5646815,-1.6389420031121347,-0.143238,-0.07878090000000001,-0.011423973285781066,0.126173,0.85439515,1.0767094821848655,-0.062838,-1.6045609,-1.5532622034687766
233,1,113,9.343205690383911,25,0.55,0.169588,0.0932734,0.13708767942937278,-0.314488,0.6120316,0.8425180298263536,-0.208103,-1.68445665,-1.7417577626841643,0.059809,0.032894950000000006,-0.045695893143124264,0.194374,0.8919057,0.8196700832547915,0.103123,-1.51328235,-1.5703981633974484,-0.088623,-0.04874265,0.022847946571562132,0.436193,1.02490615,0.8996378962552589,0.007325,-1.56597125,-1.5761101500403387,-0.05221,-0.0287155,0.005711986642890533,0.059239,0.81758145,0.9796057092557264,-0.022515,-1.5823832500000001,-1.598958096611901
234,1,114,9.383310317993164,25,0.55,0.107258,0.05899190000000001,0.14851165271515385,-0.183897,0.6838566500000001,0.6483104839680756,-0.001358,-1.5707469,-1.707485842826821,0.073634,0.040498700000000006,-0.045695893143124264,0.156697,0.87118335,0.8196700832547915,-0.034418,-1.5889299000000001,-1.5589741901116674,-0.157903,-0.08684665,0.017135959928671597,0.345432,0.9749876000000001,0.9396218027554927,0.083229,-1.5242240500000002,-1.5703981633974484,0.072052,0.03962860000000001,-0.06283185307179585,0.015933,0.7937631500000001,0.8825019363265874,0.088109,-1.52154005,-1.6160940565405726
235,1,115,9.423365116119385,25,0.55,0.036063,0.01983465,0.14279966607226333,-0.029192,0.7689444000000001,0.6540224706109661,0.230887,-1.44301215,-1.707485842826821,-0.03434,-0.018887000000000004,0.0,0.121097,0.85160335,0.8425180298263536,-0.332861,-1.75307355,-1.5646861767545577,0.073351,0.040343050000000005,-0.005711986642890533,0.220824,0.9064532000000001,0.9567577626841642,0.016498,-1.5609261,-1.5703981633974484,0.050515,0.027783250000000002,-0.034271919857343194,0.152206,0.8687133,0.8482300164692441,0.240045,-1.43797525,-1.6275180298263536
236,1,116,9.463531017303467,25,0.55,0.038198,0.021008900000000004,0.07425582635757692,0.027618,0.8001899,0.7111423370398714,0.089292,-1.5208894000000002,-1.6789259096123685,-0.135666,-0.07461630000000001,0.005711986642890533,-0.078287,0.7419421500000001,0.8653659763979158,-0.384503,-1.78147665,-1.5932461099690105,0.097889,0.053838950000000003,-0.028559933214452663,0.169859,0.8784224500000001,0.9567577626841642,-0.03165,-1.5874075,-1.5589741901116674,-0.050059,-0.027532450000000003,-0.028559933214452663,0.085619,0.83209045,0.8482300164692441,0.1815,-1.470175,-1.6046700832547915
237,1,117,9.5035982131958,25,0.55,-0.030493,-0.016771150000000002,0.08567979964335799,0.17692,0.882306,0.7853981633974483,0.042937,-1.54638465,-1.5075663103256525,-0.132742,-0.0730081,0.028559933214452663,-0.314438,0.6120591,0.8310940565405726,-0.190621,-1.67484155,-1.707485842826821,0.162227,0.08922485000000001,0.005711986642890533,0.010127,0.79056985,1.0138776291130696,-0.095449,-1.6224969500000002,-1.5818221366832295,-0.016792,-0.009235600000000002,0.03998390650023373,0.255608,0.9255844000000001,0.8939259096123684,0.101395,-1.5142327500000001,-1.5532622034687766
238,1,118,9.543638467788696,25,0.55,-0.041697,-0.02293335,0.07425582635757692,0.212112,0.9016616000000001,0.825382069897682,-0.057125,-1.6014187500000001,-1.5075663103256525,-0.056098,-0.030853900000000004,-0.09710377292913905,-0.252154,0.6463153,0.7739741901116672,-0.016588,-1.5791234,-1.7646057092557266,0.065887,0.03623785,0.03998390650023373,0.050065,0.81253575,0.9453337893983832,-0.047494,-1.5961217,-1.5818221366832295,0.071746,0.039460300000000004,-0.06283185307179585,0.49204,1.055622,0.8939259096123684,0.184706,-1.4684117,-1.5532622034687766
239,1,119,9.583748817443848,25,0.55,0.26744,0.14709200000000003,0.06283185307179585,0.177657,0.88271135,0.91106186954104,-0.315977,-1.74378735,-1.5532622034687766,-0.018646,-0.0102553,-0.06283185307179585,0.073978,0.8256879,0.6540224706109661,0.140144,-1.4929208,-1.7246218027554927,-0.119412,-0.0656766,0.07425582635757692,0.171141,0.87912755,0.8539420031121346,0.113675,-1.50747875,-1.6160940565405726,0.036666,0.0201663,-0.022847946571562132,0.346235,0.97542925,0.8767899496836968,0.038577,-1.5487826500000001,-1.5532622034687766
240,1,120,9.623809576034546,25,0.55,0.231212,0.12716660000000002,0.06283185307179585,-0.131735,0.7125457500000001,0.8825019363265874,-0.369196,-1.7730578000000001,-1.6160940565405726,0.023049,0.012676950000000001,-0.057119866428905326,0.075892,0.8267406,0.6597344572538566,0.12716,-1.500062,-1.6846378962552588,0.054539,0.02999645,0.03998390650023373,0.219997,0.9059983500000001,0.8710779630408063,0.126528,-1.5004096,-1.6332300164692442,-0.205791,-0.11318505000000001,0.005711986642890533,0.229679,0.91132345,1.008165642470179,-0.048909,-1.59689995,-1.513278296968543
241,1,121,9.663878202438354,25,0.55,0.167799,0.09228945000000001,0.057119866428905326,-0.269484,0.6367838,0.8825019363265874,-0.195536,-1.6775448000000002,-1.6960618695410399,0.028239,0.015531450000000002,-0.028559933214452663,0.062345,0.81928975,0.7968221366832293,0.098726,-1.5157007,-1.610382069897682,-0.031846,-0.0175153,0.005711986642890533,0.311056,0.9560808000000001,0.8482300164692441,0.004738,-1.5673941,-1.5932461099690105,-0.153667,-0.08451685,-0.034271919857343194,0.020436,0.7962398,1.0538615356133034,-0.017298,-1.5795139,-1.5189902836114335
242,1,122,9.703965187072754,25,0.55,0.082196,0.045207800000000006,0.09710377292913905,-0.310248,0.6143636,0.6940063771111997,-0.116674,-1.6341707,-1.7646057092557266,0.005413,0.0029771500000000005,-0.034271919857343194,0.263292,0.9298106,0.8767899496836968,0.036848,-1.5497336000000002,-1.5589741901116674,-0.048585,-0.026721750000000002,0.028559933214452663,0.477162,1.0474391,0.8939259096123684,0.133037,-1.49682965,-1.5532622034687766,-0.046179,-0.02539845,-0.03998390650023373,-0.012539,0.77810355,0.9281978294697116,0.065827,-1.53379515,-1.6046700832547915
243,1,123,9.744126081466675,25,0.55,0.092007,0.050603850000000006,0.13137569278648226,-0.06921,0.7469345000000001,0.6540224706109661,0.070394,-1.5312833000000001,-1.6960618695410399,-0.036663,-0.020164650000000003,-0.017135959928671597,0.239517,0.91673435,0.8825019363265874,-0.107897,-1.62934335,-1.5589741901116674,-0.147265,-0.08099575,0.005711986642890533,0.364825,0.98565375,0.9567577626841642,0.131405,-1.49772725,-1.5589741901116674,0.089691,0.04933005000000001,-0.10852774621492012,-0.120966,0.7184687000000001,0.8025341233261198,0.225082,-1.4462049000000001,-1.610382069897682
244,1,124,9.784149646759033,25,0.55,0.085962,0.047279100000000004,0.10281575957202958,0.026199,0.7994094500000001,0.6483104839680756,0.016396,-1.5609822,-1.7246218027554927,-0.181198,-0.09965890000000001,0.0,0.073427,0.8253848500000001,0.8996378962552589,-0.424716,-1.8035938,-1.5646861767545577,0.152934,0.0841137,0.005711986642890533,0.267208,0.9319644,0.9796057092557264,0.068797,-1.5321616500000002,-1.524702270254324,0.039081,0.02149455,-0.07996781300046746,0.026639,0.79965145,0.8025341233261198,0.395811,-1.35230395,-1.5932461099690105
245,1,125,9.824212312698364,25,0.55,-0.073513,-0.04043215,0.10281575957202958,-0.02167,0.7730815,0.728278296968543,0.054911,-1.53979895,-1.610382069897682,-0.210337,-0.11568535,0.0,-0.293374,0.6236443,0.8996378962552589,-0.30415,-1.7372825,-1.621806043183463,0.23856,0.13120800000000002,-0.03998390650023373,0.068705,0.82278775,1.01958961575596,-0.065656,-1.6061108000000002,-1.5189902836114335,-0.019676,-0.010821800000000001,-0.05140787978601479,0.110546,0.8458003000000001,0.8025341233261198,0.168337,-1.47741465,-1.5875341233261198
246,1,126,9.86462140083313,25,0.55,-0.00851,-0.004680500000000001,0.10281575957202958,0.235009,0.91425495,0.8196700832547915,0.044312,-1.5456284,-1.621806043183463,-0.191465,-0.10530575,-0.08567979964335799,-0.316837,0.61073965,0.813958096611901,-0.332512,-1.7528816,-1.7360457760412737,0.2467,0.135685,0.06854383971468639,0.03822,0.806021,0.8653659763979158,-0.114305,-1.6328677500000002,-1.5475502168258863,-0.043987,-0.024192850000000002,-0.045695893143124264,0.267487,0.93211785,0.825382069897682,0.087214,-1.5220323,-1.4790063771111996
247,1,127,9.904637336730957,25,0.55,0.065361,0.03594855,0.03998390650023373,0.352701,0.97898555,0.8710779630408063,-0.079007,-1.61345385,-1.6160940565405726,-0.097589,-0.053673950000000005,-0.15422363935804437,-0.166179,0.69360155,0.7339902836114335,-0.101929,-1.62606095,-1.793165642470179,0.048153,0.02648415,0.06854383971468639,0.111654,0.8464097,0.8539420031121346,-0.041518,-1.5928349000000002,-1.621806043183463,0.047348,0.026041400000000003,0.028559933214452663,0.295643,0.94760365,0.8825019363265874,0.022991,-1.5573549500000001,-1.4790063771111996
248,1,128,9.944715023040771,25,0.55,0.071245,0.039184750000000004,0.034271919857343194,0.1911,0.890105,0.8825019363265874,-0.248385,-1.70661175,-1.5875341233261198,-0.008493,-0.004671150000000001,-0.13137569278648226,-0.053126,0.7557807000000001,0.6483104839680756,0.214223,-1.4521773500000001,-1.781741669184398,-0.07249,-0.0398695,0.14851165271515385,0.136937,0.86031535,0.8368060431834631,0.007507,-1.56587115,-1.6332300164692442,0.116544,0.06409920000000001,-0.034271919857343194,0.378024,0.9929132,0.9339098161126022,0.161318,-1.4812751,-1.5703981633974484
249,1,129,9.984816312789917,25,0.55,0.238201,0.13101055,0.034271919857343194,-0.091713,0.7345578500000001,0.8825019363265874,-0.403939,-1.79216645,-1.5932461099690105,0.035236,0.019379800000000003,-0.06854383971468639,0.002933,0.78661315,0.6711584305396376,0.241037,-1.4374296500000001,-1.781741669184398,-0.105517,-0.058034350000000005,0.09139178628624853,0.234886,0.9141873,0.8368060431834631,0.137937,-1.4941346500000001,-1.6275180298263536,-0.174517,-0.09598435000000001,-0.005711986642890533,0.305506,0.9530283,0.9281978294697116,-0.063154,-1.6047347,-1.5703981633974484
250,1,130,10.02493143081665,25,0.55,0.213993,0.11769615,0.034271919857343194,-0.263558,0.6400431,0.8596539897550252,-0.318239,-1.7450314500000002,-1.6675019363265875,-0.046121,-0.02536655,-0.03998390650023373,0.033799,0.80358945,0.7739741901116672,0.184886,-1.4683127,-1.5589741901116674,0.093197,0.05125835000000001,-0.005711986642890533,0.271191,0.93415505,0.8939259096123684,0.084036,-1.5237802,-1.6275180298263536,-0.216031,-0.11881705000000001,-0.005711986642890533,0.137644,0.8607042,0.985317695898617,-0.088553,-1.6187041500000001,-1.524702270254324
251,1,131,10.064948081970215,25,0.55,0.086547,0.04760085,0.11423973285781065,-0.272565,0.63508925,0.739702270254324,-0.226172,-1.6943946,-1.8217255756846318,0.101991,0.05609505,-0.034271919857343194,0.100162,0.8400891,0.825382069897682,0.07261,-1.5300645000000002,-1.5418382301829956,-0.012117,-0.00666435,0.011423973285781066,0.387854,0.9983197,0.8825019363265874,0.107561,-1.51084145,-1.5589741901116674,-0.185498,-0.1020239,-0.10281575957202958,0.123383,0.85286065,0.985317695898617,-0.095166,-1.6223413,-1.5189902836114335
252,1,132,10.10504674911499,25,0.55,0.096984,0.053341200000000005,0.11423973285781065,-0.184306,0.6836317000000001,0.6711584305396376,-0.147387,-1.65106285,-1.8217255756846318,-0.074663,-0.04106465,-0.011423973285781066,0.285372,0.9419546000000001,0.8310940565405726,-0.062898,-1.6045939,-1.5304142568972146,-0.066551,-0.036603050000000005,0.011423973285781066,0.483786,1.0510823,0.9281978294697116,0.170051,-1.47647195,-1.5475502168258863,0.037448,0.020596400000000004,-0.14279966607226333,0.028618,0.8007399000000001,0.8996378962552589,0.145618,-1.4899101000000001,-1.6389420031121347
253,1,133,10.145153999328613,25,0.55,0.096066,0.0528363,0.06283185307179585,-0.029077,0.76900765,0.6597344572538566,0.013916,-1.5623462000000001,-1.7131978294697117,-0.23511,-0.12931050000000002,0.017135959928671597,0.199829,0.8949059500000001,0.825382069897682,-0.420061,-1.80103355,-1.5818221366832295,0.012195,0.0067072500000000005,0.011423973285781066,0.391905,1.00054775,0.9281978294697116,0.186964,-1.4671698,-1.536126243540105,0.088199,0.04850945,-0.10281575957202958,-0.052089,0.75635105,0.8539420031121346,0.341395,-1.38223275,-1.6446539897550252
254,1,134,10.18524718284607,25,0.55,-5.7e-05,-3.135e-05,0.09139178628624853,-0.026051,0.77067195,0.6197505507536228,0.056429,-1.5389640500000001,-1.7131978294697117,-0.13618,-0.07489900000000001,0.0,-0.090299,0.7353355500000001,0.825382069897682,-0.28996,-1.729478,-1.536126243540105,0.209651,0.11530805000000001,0.017135959928671597,0.09232,0.8357760000000001,1.01958961575596,0.026241,-1.55556745,-1.536126243540105,-0.067094,-0.0369017,-0.10281575957202958,0.031687,0.80242785,0.825382069897682,0.324686,-1.3914227000000001,-1.5875341233261198
255,1,135,10.225282669067383,25,0.55,0.005953,0.0032741500000000004,0.08567979964335799,0.173688,0.8805284,0.739702270254324,0.018183,-1.55999935,-1.6560779630408065,-0.10041,-0.055225500000000004,-0.15422363935804437,-0.192651,0.67904195,0.9281978294697116,-0.320032,-1.7460176,-1.7131978294697117,0.237883,0.13083565000000003,0.017135959928671597,-0.001141,0.78437245,1.0538615356133034,-0.000184,-1.5701012,-1.513278296968543,-0.046746,-0.025710300000000002,-0.034271919857343194,0.292205,0.94571275,0.8310940565405726,0.169874,-1.4765693,-1.5075663103256525
256,1,136,10.265377044677734,25,0.55,-0.011915,-0.006553250000000001,0.06854383971468639,0.272605,0.93493275,0.7968221366832293,-0.007104,-1.5739072,-1.610382069897682,-0.039464,-0.0217052,-0.07996781300046746,-0.152142,0.7013219,0.8082461099690104,-0.024333,-1.58338315,-1.7189098161126022,0.042409,0.023324950000000004,0.03998390650023373,0.053563,0.81445965,0.9167738561839305,-0.020085,-1.58104675,-1.5418382301829956,-0.013588,-0.0074734,-0.028559933214452663,0.298083,0.94894565,0.8996378962552589,0.08018,-1.525901,-1.5075663103256525
257,1,137,10.305463790893555,25,0.55,0.183128,0.10072040000000002,0.05140787978601479,0.232138,0.9126759,0.8596539897550252,-0.259262,-1.7125941,-1.5875341233261198,0.018021,0.00991155,-0.057119866428905326,0.049356,0.8121458,0.7339902836114335,0.097611,-1.51631395,-1.7531817359699455,-0.06764,-0.037202000000000006,0.1256637061435917,0.135735,0.8596542500000001,0.8368060431834631,0.116144,-1.5061208000000001,-1.5761101500403387,-0.00189,-0.0010395,-0.045695893143124264,0.341662,0.9729141000000001,0.8882139229694779,0.155681,-1.4843754500000002,-1.4675824038254186
258,1,138,10.345528602600098,25,0.55,0.283919,0.15615545,0.034271919857343194,-0.149058,0.7030181,0.9510457760412737,-0.393487,-1.78641785,-1.5818221366832295,-0.009487,-0.0052178500000000004,-0.017135959928671597,0.08136,0.829748,0.7454142568972145,0.02462,-1.556459,-1.6675019363265875,0.061795,0.033987250000000004,0.1256637061435917,0.279313,0.93862215,0.8025341233261198,0.143105,-1.49129225,-1.6332300164692442,-0.080476,-0.044261800000000004,-0.045695893143124264,0.235828,0.9147054000000001,0.9624697493270548,0.075819,-1.52829955,-1.4675824038254186
259,1,139,10.385648012161255,25,0.55,0.178632,0.09824760000000002,0.034271919857343194,-0.305029,0.61723405,0.922485842826821,-0.228326,-1.6955793000000001,-1.707485842826821,0.005064,0.0027852000000000003,-0.011423973285781066,0.116703,0.84918665,0.7853981633974483,0.196712,-1.4618084,-1.6675019363265875,0.154549,0.08500195,0.011423973285781066,0.229242,0.9110831,0.8710779630408063,0.130389,-1.4982860500000001,-1.5818221366832295,-0.246741,-0.13570755,-0.03998390650023373,0.12036,0.851198,1.0024536558272885,-0.164924,-1.6607082,-1.5475502168258863
260,1,140,10.425701141357422,25,0.55,0.054801,0.030140550000000006,0.13708767942937278,-0.330644,0.6031458000000001,0.8082461099690104,-0.070066,-1.6085363000000001,-1.7874536558272887,0.120251,0.06613805,-0.011423973285781066,0.276041,0.93682255,0.8767899496836968,0.040959,-1.5474725500000002,-1.6675019363265875,0.025585,0.014071750000000001,0.03998390650023373,0.424281,1.01835455,0.8596539897550252,0.212217,-1.45328065,-1.5703981633974484,-0.112273,-0.061750150000000004,-0.045695893143124264,0.100513,0.8402821500000001,0.9567577626841642,-0.056992,-1.6013456000000001,-1.513278296968543
261,1,141,10.46590256690979,25,0.55,-0.033342,-0.0183381,0.10281575957202958,-0.082969,0.73936705,0.6197505507536228,0.16439,-1.4795855,-1.6789259096123685,-0.017006,-0.0093533,-0.011423973285781066,0.298622,0.9492421,0.8996378962552589,-0.201849,-1.68101695,-1.536126243540105,0.029701,0.01633555,0.08567979964335799,0.345974,0.9752857,0.9453337893983832,0.262332,-1.4257174000000001,-1.5189902836114335,0.057524,0.031638200000000005,-0.08567979964335799,0.175047,0.8812758500000001,0.8825019363265874,0.127417,-1.49992065,-1.610382069897682
262,1,142,10.50597333908081,25,0.55,0.001112,0.0006116,0.06854383971468639,0.022445,0.79734475,0.6197505507536228,0.225755,-1.44583475,-1.6560779630408065,-0.14278,-0.078529,0.017135959928671597,0.062517,0.81938435,0.9167738561839305,-0.326822,-1.7497521,-1.536126243540105,0.088003,0.048401650000000004,0.017135959928671597,0.292114,0.9456627,0.9453337893983832,0.156732,-1.4837974,-1.4961423370398714,0.099701,0.054835550000000004,-0.07996781300046746,-0.009857,0.77957865,0.8710779630408063,0.2113,-1.453785,-1.621806043183463
263,1,143,10.54603385925293,25,0.55,0.024248,0.0133364,0.06854383971468639,-0.050913,0.7569978500000001,0.6197505507536228,0.007796,-1.5657122,-1.6560779630408065,-0.125523,-0.06903765,0.011423973285781066,-0.170751,0.6910869500000001,0.9167738561839305,-0.302071,-1.73613905,-1.6275180298263536,0.256732,0.1412026,0.045695893143124264,0.063528,0.8199404,1.008165642470179,0.088962,-1.5210709,-1.4618704171825283,-0.034219,-0.018820450000000002,-0.045695893143124264,0.177127,0.88241985,0.9053498828981494,0.260039,-1.42697855,-1.5875341233261198
264,1,144,10.586159229278564,25,0.55,0.030781,0.01692955,0.022847946571562132,0.088316,0.8335738,0.8596539897550252,0.052335,-1.54121575,-1.5075663103256525,-0.184836,-0.10165980000000001,-0.09710377292913905,-0.204567,0.6724881500000001,0.8082461099690104,-0.308322,-1.7395771,-1.7531817359699455,0.228651,0.12575805,0.022847946571562132,-0.03216,0.767312,1.01958961575596,0.026797,-1.55526165,-1.4732943904683093,-0.035452,-0.0194986,0.0,0.219144,0.9055292,0.8825019363265874,0.103962,-1.5128209000000001,-1.5589741901116674
265,1,145,10.62617826461792,25,0.55,-0.037951,-0.02087305,0.057119866428905326,0.240081,0.9170445500000001,0.8482300164692441,-0.015061,-1.57828355,-1.5532622034687766,-0.076145,-0.04187975000000001,-0.13708767942937278,-0.224531,0.6615079500000001,0.7625502168258862,-0.117307,-1.63451885,-1.7588937226128358,0.080964,0.0445302,0.13708767942937278,-0.050835,0.75704075,0.8539420031121346,0.028833,-1.5541418500000002,-1.5418382301829956,0.109291,0.060110050000000005,0.011423973285781066,0.339231,0.97157705,0.8996378962552589,0.040499,-1.54772555,-1.4618704171825283
266,1,146,10.666248083114624,25,0.55,0.029943,0.01646865,0.05140787978601479,0.090013,0.8345071500000001,0.825382069897682,-0.349644,-1.7623042,-1.5532622034687766,-0.01888,-0.010384000000000001,-0.14279966607226333,-0.115504,0.7214728,0.6940063771111997,0.208767,-1.45517815,-1.7703176958986169,-0.066573,-0.03661515,0.07996781300046746,0.363171,0.9847440500000001,0.8196700832547915,0.051226,-1.5418257,-1.5304142568972146,-0.028993,-0.015946150000000003,-0.03998390650023373,0.4188,1.0153400000000001,0.9053498828981494,0.127123,-1.50008235,-1.5189902836114335
267,1,147,10.706373453140259,25,0.55,0.240172,0.1320946,0.005711986642890533,-0.051621,0.75660845,0.9567577626841642,-0.396872,-1.7882796,-1.5475502168258863,0.022682,0.012475100000000001,-0.05140787978601479,0.02701,0.7998555,0.7111423370398714,0.176469,-1.4729420500000001,-1.7360457760412737,-0.099999,-0.054999450000000005,0.10852774621492012,0.147267,0.86599685,0.7968221366832293,0.13802,-1.494089,-1.5646861767545577,-0.056566,-0.0311113,0.022847946571562132,0.334737,0.9691053500000001,0.9453337893983832,-0.014127,-1.5777698500000001,-1.513278296968543
268,1,148,10.746450662612915,25,0.55,0.235629,0.12959595000000002,0.005711986642890533,-0.189978,0.6805121000000001,0.8482300164692441,-0.228372,-1.6956046,-1.6960618695410399,-0.084888,-0.046688400000000005,-0.028559933214452663,0.010804,0.7909422,0.7568382301829956,0.094211,-1.51818395,-1.6446539897550252,0.115397,0.06346835,0.017135959928671597,0.162789,0.87453395,0.9053498828981494,0.159922,-1.4820429000000002,-1.5646861767545577,-0.233582,-0.1284701,0.0,0.132876,0.8580818,0.9453337893983832,-0.15126,-1.6531930000000001,-1.5189902836114335
269,1,149,10.786507844924927,25,0.55,0.158995,0.08744725,0.11995171950070119,-0.28973,0.6256485,0.7454142568972145,-0.17382,-1.665601,-1.7988776291130697,0.085831,0.04720705000000001,-0.028559933214452663,0.240825,0.9174537500000001,0.7625502168258862,0.136518,-1.4949151,-1.5589741901116674,0.050949,0.028021950000000004,0.011423973285781066,0.376852,0.9922686000000001,0.922485842826821,0.118853,-1.50463085,-1.5189902836114335,-0.132718,-0.0729949,0.0,0.120599,0.85132945,0.9453337893983832,-0.028511,-1.58568105,-1.5475502168258863
270,2,30,10.826762676239014,25,0.55,-0.046805,-0.025742750000000002,0.11995171950070119,0.049371,0.8121540500000001,0.7168543236827619,-0.02557,-1.5840635,-1.6789259096123685,0.009617,0.005289350000000001,-0.03998390650023373,-0.280301,0.63083445,0.8082461099690104,0.468709,-1.31221005,-1.5589741901116674,0.507665,0.27921575000000004,0.07996781300046746,0.272354,0.9347947000000001,0.8996378962552589,-0.151756,-1.6534658,-1.513278296968543,-0.217968,-0.1198824,-0.11423973285781065,0.735946,1.1897703000000002,0.8653659763979158,0.049563,-1.54274035,-1.6789259096123685
271,2,31,10.86679983139038,25,0.55,0.163429,0.08988595,0.11995171950070119,-0.207524,0.6708618000000001,0.6597344572538566,0.058872,-1.5376204,-1.6789259096123685,0.13345,0.07339750000000002,0.0,-0.668719,0.41720455,0.8996378962552589,0.575882,-1.2532649,-1.5646861767545577,1.07869,0.5,0.057119866428905326,0.128819,0.85585045,0.9453337893983832,-0.338512,-1.7561816000000001,-1.5189902836114335,-0.383991,-0.21119505000000002,-0.13137569278648226,1.097834,1.3888087000000002,0.8482300164692441,-0.011989,-1.5765939500000001,-1.6275180298263536
272,2,32,10.906861066818237,25,0.55,0.037278,0.0205029,0.022847946571562132,0.099851,0.8399180500000001,0.751126243540105,-0.139224,-1.6465732,-1.6617899496836968,0.05361,0.0294855,-0.011423973285781066,-0.400295,0.56483775,0.8996378962552589,0.737804,-1.1642078,-1.4961423370398714,0.579663,0.31881465000000003,0.09710377292913905,0.160704,0.8733872,0.9453337893983832,-0.171796,-1.6644878,-1.6160940565405726,-0.124767,-0.06862185000000001,-0.15422363935804437,0.940787,1.3024328500000002,0.9053498828981494,-0.097622,-1.6236921,-1.598958096611901
273,2,33,10.94695234298706,25,0.55,0.149394,0.08216670000000001,0.06854383971468639,0.1083,0.844565,0.751126243540105,-0.123597,-1.63797835,-1.598958096611901,-0.086148,-0.047381400000000004,0.06854383971468639,-0.054721,0.75490345,0.568342670967608,0.58899,-1.2460555,-1.3019347911815933,-0.117525,-0.06463875000000001,0.43411098485968047,-0.079661,0.74118645,0.8939259096123684,0.093782,-1.5184199,-1.7360457760412737,0.074757,0.04111635,-0.20563151914405917,0.655802,1.1456911,1.413716694115407,-0.043707,-1.59403885,-1.5761101500403387
274,2,34,10.987075567245483,25,0.55,0.236629,0.13014595,0.017135959928671597,0.044745,0.80960975,0.728278296968543,-0.047286,-1.5960073000000001,-1.598958096611901,-0.053423,-0.02938265,0.011423973285781066,-0.022899,0.77240555,0.5169347911815932,0.353742,-1.3754419,-1.244814924752688,0.071507,0.039328850000000005,0.32558323864476035,-0.270353,0.6363058500000001,0.8939259096123684,0.197311,-1.46147895,-1.7760296825415076,0.130576,0.0718168,-0.20563151914405917,0.638464,1.1361552000000001,1.413716694115407,-0.026314,-1.5844727,-1.610382069897682
275,2,35,11.027162075042725,25,0.55,0.148534,0.08169370000000001,0.11995171950070119,0.259623,0.92779265,0.825382069897682,0.098965,-1.51556925,-1.598958096611901,-0.020737,-0.01140535,-0.017135959928671597,-0.433532,0.5465574,0.7625502168258862,0.589215,-1.24593175,-1.2162549915382352,0.114079,0.06274345,0.14279966607226333,-0.262118,0.6408351,0.91106186954104,0.296164,-1.4071098,-1.7360457760412737,0.008526,0.0046893,-0.011423973285781066,0.967877,1.31733235,1.2423570948286908,-0.349269,-1.76209795,-1.6275180298263536
276,2,36,11.067213773727417,25,0.55,0.059653,0.03280915,0.10281575957202958,0.144553,0.86450415,0.8310940565405726,0.274344,-1.4191108000000001,-1.6046700832547915,-0.193118,-0.10621490000000001,-0.034271919857343194,-0.120425,0.71876625,0.7853981633974483,0.420931,-1.33848795,-1.330494724396046,0.066585,0.03662175000000001,0.10852774621492012,-0.148938,0.7030841,0.6940063771111997,0.095026,-1.5177357,-1.6160940565405726,0.002528,0.0013904,-0.011423973285781066,0.595191,1.1123550500000001,1.1738132551140046,-0.152185,-1.65370175,-1.6160940565405726
277,2,37,11.107301235198975,25,0.55,-0.043086,-0.0236973,0.1256637061435917,-0.057631,0.75330295,0.9053498828981494,0.221211,-1.44833395,-1.501854323682762,-0.159564,-0.08776020000000001,-0.005711986642890533,-0.055446,0.7545047,0.7682622034687767,0.199697,-1.4601666500000001,-1.3590546576104985,0.151004,0.0830522,0.09139178628624853,0.030219,0.80162045,0.6768704171825282,-0.066017,-1.60630935,-1.5703981633974484,-0.042812,-0.023546600000000004,0.022847946571562132,0.427508,1.0201294,1.2309331215429098,0.021249,-1.55831305,-1.6846378962552588
278,2,38,11.147383689880371,25,0.55,-0.016381,-0.00900955,0.028559933214452663,-0.088176,0.7365032,0.8596539897550252,-0.070887,-1.60898785,-1.4618704171825283,-0.058841,-0.032362550000000004,-0.10852774621492012,-0.013229,0.77772405,0.751126243540105,0.193978,-1.4633121,-1.3647666442533892,0.09558,0.052569000000000005,0.057119866428905326,0.049429,0.81218595,0.6768704171825282,0.101897,-1.5139566500000001,-1.5304142568972146,-0.0369,-0.020295000000000004,0.022847946571562132,0.438171,1.02599405,1.2309331215429098,0.151309,-1.4867800500000001,-1.6960618695410399
279,2,39,11.18747353553772,25,0.55,-0.003346,-0.0018403000000000002,-0.017135959928671597,0.088216,0.8335188,0.7796861767545578,-0.017334,-1.5795337,-1.4504464438967473,0.028771,0.015824050000000003,-0.09139178628624853,0.027521,0.8001365500000001,0.7111423370398714,0.247643,-1.4337963500000002,-1.4104625373965134,0.058824,0.032353200000000006,0.07425582635757692,-0.023817,0.7719006500000001,0.7054303503969808,0.135303,-1.49558335,-1.5818221366832295,-0.06705,-0.0368775,-0.022847946571562132,0.37742,0.992581,1.0881334554706465,0.146469,-1.48944205,-1.6675019363265875
280,2,40,11.227654933929443,25,0.55,-0.000792,-0.0004356,-0.011423973285781066,0.182178,0.8851979000000001,0.751126243540105,-0.09232,-1.620776,-1.5075663103256525,0.112254,0.06173970000000001,-0.022847946571562132,0.06823,0.8225265,0.8368060431834631,0.154488,-1.4850316000000001,-1.4847183637540904,0.069197,0.03805835,0.08567979964335799,0.071118,0.8241149,0.7739741901116672,0.155091,-1.48469995,-1.5818221366832295,-0.10737,-0.0590535,-0.028559933214452663,0.357084,0.9813962,1.082421468827756,0.290998,-1.4099511,-1.6446539897550252
281,2,41,11.267707586288452,25,0.55,0.041944,0.0230692,-0.011423973285781066,-0.098725,0.7307012500000001,0.8368060431834631,-0.180545,-1.66929975,-1.5932461099690105,0.185266,0.1018963,0.017135959928671597,0.242246,0.9182353000000001,0.8310940565405726,0.197838,-1.4611891000000001,-1.4675824038254186,0.041967,0.02308185,0.08567979964335799,0.088521,0.83368655,0.7739741901116672,0.090948,-1.5199786,-1.5818221366832295,-0.153467,-0.08440685,-0.005711986642890533,0.178781,0.88332955,1.0024536558272885,0.069428,-1.5318146000000001,-1.5589741901116674
282,2,42,11.307713747024536,25,0.55,0.13178,0.07247900000000002,-0.005711986642890533,-0.226017,0.66069065,0.8996378962552589,-0.200389,-1.6802139500000002,-1.6046700832547915,0.124386,0.06841230000000001,0.028559933214452663,0.278706,0.9382883000000001,0.8425180298263536,0.245143,-1.43517135,-1.4961423370398714,0.081887,0.045037850000000004,0.09710377292913905,0.19926,0.8945930000000001,0.8539420031121346,0.043659,-1.54598755,-1.5532622034687766,-0.146004,-0.0803022,-0.057119866428905326,0.108816,0.8448488000000001,1.008165642470179,0.028936,-1.5540852,-1.4847183637540904
283,2,43,11.34781289100647,25,0.55,0.181286,0.09970730000000001,0.03998390650023373,-0.211449,0.66870305,0.8539420031121346,-0.357047,-1.7663758500000002,-1.6503659763979157,0.095256,0.0523908,0.057119866428905326,0.288434,0.9436387,0.91106186954104,0.082076,-1.5248582000000002,-1.4561584305396376,0.080484,0.044266200000000006,0.05140787978601479,0.451111,1.03311105,0.8710779630408063,0.227266,-1.4450037,-1.536126243540105,-0.150424,-0.0827332,-0.07996781300046746,0.020423,0.79623265,1.008165642470179,0.051722,-1.5415529000000001,-1.4847183637540904
284,2,44,11.387852668762207,25,0.55,0.10248,0.056364000000000004,0.06283185307179585,0.052637,0.81395035,0.7111423370398714,-0.041568,-1.5928624,-1.7131978294697117,-0.121509,-0.06682995000000001,0.05140787978601479,0.014619,0.79304045,0.9796057092557264,-0.101527,-1.62583985,-1.4847183637540904,0.028497,0.015673350000000003,0.057119866428905326,0.275841,0.93671255,0.8653659763979158,0.020265,-1.55885425,-1.5304142568972146,0.097927,0.05385985000000001,-0.08567979964335799,0.102901,0.8415955500000001,0.825382069897682,0.142257,-1.49175865,-1.5932461099690105
285,2,45,11.427963733673096,25,0.55,0.026699,0.014684450000000002,0.09710377292913905,0.187434,0.8880887000000001,0.6768704171825282,-0.066946,-1.6068203,-1.7189098161126022,-0.24535,-0.13494250000000002,0.03998390650023373,-0.176527,0.68791015,0.985317695898617,-0.299686,-1.7348273,-1.524702270254324,0.133888,0.0736384,0.06854383971468639,0.126777,0.85472735,0.922485842826821,0.096745,-1.5167902500000001,-1.4961423370398714,0.121306,0.06671830000000001,-0.1256637061435917,0.031527,0.8023398500000001,0.8310940565405726,0.122261,-1.5027564500000001,-1.5875341233261198
286,2,46,11.468034267425537,25,0.55,0.119305,0.06561775,0.05140787978601479,0.070065,0.82353575,0.7054303503969808,-0.168836,-1.6628598,-1.707485842826821,-0.18582,-0.10220100000000001,-0.09139178628624853,-0.198848,0.6756336000000001,0.7853981633974483,-0.227393,-1.6950661500000002,-1.6846378962552588,0.162187,0.08920285,0.045695893143124264,0.087173,0.83294515,1.0367255756846316,0.130929,-1.4979890500000002,-1.524702270254324,0.057873,0.03183015,-0.057119866428905326,0.157109,0.8714099500000001,0.8310940565405726,0.177021,-1.47263845,-1.5703981633974484
287,2,47,11.508203029632568,25,0.55,0.003712,0.0020416,0.05140787978601479,0.366147,0.9863808500000001,0.8310940565405726,-0.13194,-1.642567,-1.6560779630408065,-0.160628,-0.0883454,-0.1942075458582781,-0.294043,0.62327635,0.7111423370398714,-0.209954,-1.6854747,-1.7131978294697117,0.147095,0.08090225000000001,0.09710377292913905,0.012932,0.7921126000000001,0.9281978294697116,-0.035529,-1.58954095,-1.5304142568972146,0.098535,0.054194250000000006,0.005711986642890533,0.391752,1.0004636,0.8596539897550252,0.141502,-1.4921739,-1.5589741901116674
288,2,48,11.548189401626587,25,0.55,0.002896,0.0015928000000000001,0.05140787978601479,0.148719,0.86679545,0.8310940565405726,-0.159713,-1.65784215,-1.6560779630408065,-0.079316,-0.043623800000000004,-0.1942075458582781,-0.179188,0.6864466,0.7111423370398714,0.042202,-1.5467889000000001,-1.7131978294697117,-0.066641,-0.036652550000000006,0.09710377292913905,0.201241,0.8956825500000001,0.9281978294697116,-0.083022,-1.6156621,-1.5304142568972146,0.037754,0.020764700000000004,0.005711986642890533,0.339594,0.9717767,0.8596539897550252,-0.02328,-1.582804,-1.5589741901116674
289,2,49,11.588268756866455,25,0.55,0.210496,0.11577280000000001,0.05140787978601479,0.025186,0.7988523000000001,0.8310940565405726,-0.4185,-1.800175,-1.6560779630408065,-0.071084,-0.0390962,-0.1942075458582781,0.116018,0.8488099,0.7111423370398714,0.043033,-1.54633185,-1.7131978294697117,-0.011217,-0.0061693500000000005,0.09710377292913905,0.197881,0.89383455,0.9281978294697116,0.160735,-1.48159575,-1.5304142568972146,-0.040877,-0.02248235,0.005711986642890533,0.291855,0.9455202500000001,0.8596539897550252,0.088333,-1.52141685,-1.5589741901116674
290,2,50,11.62843918800354,25,0.55,0.181454,0.0997997,0.07425582635757692,-0.169907,0.69155115,0.8596539897550252,-0.349755,-1.76236525,-1.6846378962552588,0.067279,0.03700345000000001,-0.1256637061435917,0.113869,0.84762795,0.7111423370398714,0.167619,-1.4778095500000001,-1.7246218027554927,0.049637,0.02730035,0.09139178628624853,0.274315,0.93587325,0.8882139229694779,0.063781,-1.53492045,-1.5304142568972146,-0.136655,-0.07516025000000001,0.022847946571562132,0.18176,0.8849680000000001,0.8767899496836968,-0.016971,-1.5793340500000002,-1.5304142568972146
291,2,51,11.668777465820312,25,0.55,0.16757,0.09216350000000001,0.09139178628624853,-0.237741,0.65424245,0.8025341233261198,-0.166409,-1.66152495,-1.80458961575596,0.098291,0.054060050000000005,-0.06854383971468639,0.14135,0.8627425000000001,0.7682622034687767,0.069886,-1.5315627,-1.6389420031121347,0.003436,0.0018898,0.09139178628624853,0.318976,0.9604368000000001,0.8939259096123684,0.059609,-1.5372150500000001,-1.5418382301829956,-0.063081,-0.034694550000000005,0.022847946571562132,0.067922,0.8223571000000001,0.8996378962552589,-0.012485,-1.57686675,-1.501854323682762
292,2,52,11.708843231201172,25,0.55,0.167193,0.09195615000000001,0.06854383971468639,-0.219221,0.6644284500000001,0.8025341233261198,-0.142097,-1.64815335,-1.7874536558272887,0.046038,0.025320900000000004,0.0,0.245946,0.9202703000000001,0.8996378962552589,0.013354,-1.5626553,-1.5418382301829956,-0.043017,-0.023659350000000003,0.045695893143124264,0.469043,1.04297365,0.9281978294697116,0.186671,-1.46733095,-1.5418382301829956,0.002223,0.0012226500000000003,-0.06854383971468639,0.135,0.8592500000000001,0.8882139229694779,0.044013,-1.54579285,-1.5703981633974484
293,2,53,11.748918056488037,25,0.55,0.035785,0.01968175,0.11423973285781065,-0.061892,0.7509594,0.7054303503969808,0.237157,-1.43956365,-1.707485842826821,0.020481,0.01126455,-0.005711986642890533,0.103834,0.8421087,0.8539420031121346,-0.339216,-1.7565688000000002,-1.5418382301829956,0.087309,0.048019950000000006,0.05140787978601479,0.304203,0.9523116500000001,0.9567577626841642,0.087768,-1.5217276,-1.536126243540105,0.116421,0.06403155,-0.06283185307179585,0.142058,0.8631319000000001,0.8767899496836968,0.20457,-1.4574865000000001,-1.5875341233261198
294,2,54,11.788959741592407,25,0.55,-0.030145,-0.01657975,0.10852774621492012,-0.011853,0.77848085,0.6940063771111997,0.117909,-1.5051500500000001,-1.6903498828981496,-0.191175,-0.10514625000000001,0.005711986642890533,-0.118165,0.72000925,0.8539420031121346,-0.394749,-1.7871119500000001,-1.5703981633974484,0.157998,0.0868989,0.022847946571562132,0.055222,0.8153721,0.9796057092557264,0.076366,-1.5279987000000002,-1.536126243540105,0.076344,0.0419892,-0.028559933214452663,0.049328,0.8121304,0.8482300164692441,0.17425,-1.4741625,-1.598958096611901
295,2,55,11.829028844833374,25,0.55,0.034697,0.019083350000000002,0.10852774621492012,0.013056,0.7921808,0.739702270254324,-0.056802,-1.6012411,-1.6332300164692442,-0.153313,-0.08432215000000001,0.0,-0.185451,0.68300195,0.813958096611901,-0.326125,-1.7493687500000001,-1.5703981633974484,0.206295,0.11346225000000001,0.03998390650023373,0.070203,0.82361165,1.0253016023988506,0.069725,-1.5316512500000001,-1.501854323682762,0.035431,0.01948705,-0.011423973285781066,0.268603,0.93273165,0.8653659763979158,0.238338,-1.4389141,-1.536126243540105
296,2,56,11.869102716445923,25,0.55,-0.134058,-0.07373190000000002,0.06283185307179585,0.297534,0.9486437000000001,0.8082461099690104,0.030862,-1.5530259,-1.5818221366832295,-0.085749,-0.04716195000000001,-0.10852774621492012,-0.341802,0.5970089000000001,0.739702270254324,-0.166239,-1.66143145,-1.7874536558272887,0.212363,0.11679965,0.09139178628624853,-0.002837,0.78343965,0.8939259096123684,-0.117743,-1.63475865,-1.5304142568972146,-0.01583,-0.0087065,-0.022847946571562132,0.320472,0.9612596,0.8882139229694779,0.082921,-1.52439345,-1.5418382301829956
297,2,57,11.90918254852295,25,0.55,0.067515,0.037133250000000007,0.06283185307179585,0.252469,0.92385795,0.8082461099690104,-0.062076,-1.6041418,-1.5818221366832295,-0.108942,-0.0599181,-0.10852774621492012,-0.101373,0.7292448500000001,0.6997183637540902,-0.095936,-1.6227648000000001,-1.781741669184398,0.066589,0.03662395,0.10281575957202958,0.041663,0.8079146500000001,0.7796861767545578,0.060988,-1.5364566000000002,-1.5189902836114335,0.060287,0.03315785,0.017135959928671597,0.386318,0.9974749,0.922485842826821,0.137036,-1.4946302,-1.513278296968543
298,2,58,11.949250936508179,25,0.55,0.161887,0.08903785000000002,0.0,0.105054,0.8427797,0.8882139229694779,-0.348347,-1.7615908500000002,-1.5646861767545577,0.012263,0.0067446500000000005,-0.07996781300046746,0.042698,0.8084839,0.6711584305396376,0.201123,-1.45938235,-1.7303337893983832,-0.11996,-0.06597800000000001,0.10852774621492012,0.036414,0.8050277,0.8425180298263536,0.132722,-1.4970029,-1.6389420031121347,0.065154,0.035834700000000004,-0.005711986642890533,0.377916,0.9928538,0.9567577626841642,0.046887,-1.5442121500000001,-1.5075663103256525
299,2,59,11.989372968673706,25,0.55,0.24728,0.136004,0.028559933214452663,-0.183509,0.68407005,0.9396218027554927,-0.365181,-1.77084955,-1.5703981633974484,-0.035055,-0.019280250000000002,-0.07425582635757692,0.044768,0.8096224000000001,0.7168543236827619,0.104141,-1.51272245,-1.6903498828981496,0.09185,0.05051750000000001,0.07996781300046746,0.143523,0.86393765,0.7796861767545578,0.178033,-1.4720818500000001,-1.6389420031121347,-0.238112,-0.1309616,0.011423973285781066,0.190181,0.88959955,0.985317695898617,-0.036047,-1.58982585,-1.501854323682762
300,2,60,12.02947735786438,25,0.55,0.161383,0.08876065000000001,0.07425582635757692,-0.216238,0.6660691,0.813958096611901,-0.204313,-1.68237215,-1.781741669184398,-0.018922,-0.0104071,-0.06854383971468639,0.083973,0.83118515,0.8310940565405726,0.113496,-1.5075772,-1.5646861767545577,0.104038,0.057220900000000005,0.022847946571562132,0.232618,0.9129399,0.7968221366832293,0.028886,-1.5541127000000001,-1.5875341233261198,-0.152804,-0.0840422,0.022847946571562132,0.079104,0.8285072,0.9796057092557264,-0.039451,-1.59169805,-1.5532622034687766
301,2,61,12.069506406784058,25,0.55,0.023123,0.012717650000000002,0.11423973285781065,-0.188402,0.6813789,0.739702270254324,0.0019,-1.568955,-1.793165642470179,0.038285,0.021056750000000003,-0.05140787978601479,0.194329,0.89188095,0.8767899496836968,-0.048655,-1.59676025,-1.5532622034687766,0.085438,0.0469909,0.057119866428905326,0.340725,0.97239875,0.8653659763979158,0.068064,-1.5325648,-1.524702270254324,-0.055292,-0.030410600000000003,-0.13137569278648226,0.180662,0.8843641,0.922485842826821,0.037717,-1.54925565,-1.610382069897682
302,2,62,12.109567165374756,25,0.55,-0.048939,-0.026916450000000005,0.09139178628624853,0.006264,0.7884452000000001,0.6997183637540902,0.258477,-1.42783765,-1.7189098161126022,-0.044662,-0.024564100000000002,-0.034271919857343194,0.12514,0.853827,0.8825019363265874,-0.261585,-1.71387175,-1.5589741901116674,0.041518,0.0228349,0.06854383971468639,0.11371,0.8475405,0.8653659763979158,0.078174,-1.5270043,-1.5589741901116674,0.087096,0.04790280000000001,-0.09710377292913905,0.178867,0.88337685,0.8482300164692441,0.14481,-1.4903545,-1.621806043183463
303,2,63,12.149654626846313,25,0.55,0.01775,0.0097625,0.07996781300046746,0.081261,0.82969355,0.6254625373965134,-0.009449,-1.57519695,-1.6160940565405726,-0.157631,-0.08669705,-0.034271919857343194,-0.051544,0.7566508000000001,0.8539420031121346,-0.355721,-1.76564655,-1.5875341233261198,0.075265,0.04139575,0.05140787978601479,0.136877,0.8602823500000001,0.9510457760412737,0.097526,-1.5163607000000001,-1.536126243540105,-0.00358,-0.0019690000000000003,-0.057119866428905326,0.114535,0.8479942500000001,0.8825019363265874,0.171355,-1.4757547500000001,-1.5761101500403387
304,2,64,12.190008878707886,25,0.55,-0.062192,-0.0342056,0.07996781300046746,0.12004,0.8510220000000001,0.7739741901116672,0.036169,-1.55010705,-1.536126243540105,-0.165641,-0.09110255000000002,-0.045695893143124264,-0.281852,0.6299814,0.8082461099690104,-0.212319,-1.68677545,-1.6732139229694778,0.190187,0.10460285000000001,0.022847946571562132,0.000574,0.7853157000000001,0.9339098161126022,-0.063716,-1.6050438,-1.536126243540105,0.055344,0.0304392,-0.017135959928671597,0.188716,0.8887938000000001,0.8882139229694779,0.145307,-1.49008115,-1.5875341233261198
305,2,65,12.230032444000244,25,0.55,-0.062202,-0.0342111,-0.017135959928671597,0.255091,0.92530005,0.8882139229694779,0.068696,-1.5322172,-1.536126243540105,-0.063067,-0.034686850000000005,-0.11995171950070119,-0.296846,0.6217347,0.7739741901116672,-0.172283,-1.66475565,-1.7588937226128358,0.211635,0.11639925000000001,0.07996781300046746,-0.074208,0.7441856,0.8767899496836968,-0.03832,-1.5910760000000002,-1.5304142568972146,0.011188,0.006153400000000001,-0.022847946571562132,0.385969,0.99728295,0.8996378962552589,0.196522,-1.4619129,-1.5475502168258863
306,2,66,12.270059823989868,25,0.55,0.124602,0.06853110000000001,0.011423973285781066,0.239452,0.9166986,0.8882139229694779,-0.322352,-1.7472936000000001,-1.5761101500403387,0.046135,0.025374250000000004,-0.10281575957202958,-0.063938,0.7498341000000001,0.7054303503969808,0.319797,-1.3941116500000001,-1.7474697493270548,-0.128373,-0.07060515,0.10852774621492012,0.128663,0.85576465,0.8767899496836968,0.137371,-1.49444595,-1.5761101500403387,-0.014953,-0.00822415,-0.011423973285781066,0.364203,0.9853116500000001,0.8825019363265874,0.037952,-1.5491264,-1.5189902836114335
307,2,67,12.310186862945557,25,0.55,0.264509,0.14547995,0.0,-0.031184,0.7678488,0.8996378962552589,-0.462677,-1.8244723500000002,-1.5761101500403387,0.022204,0.012212200000000001,0.0,-0.006839,0.78123855,0.6768704171825282,0.257228,-1.4285246,-1.7246218027554927,-0.07349,-0.040419500000000004,0.10852774621492012,0.119426,0.8506843000000001,0.7796861767545578,0.143664,-1.4909848,-1.6160940565405726,-0.157969,-0.08688295,-0.005711986642890533,0.319915,0.96095325,0.922485842826821,-0.027443,-1.5850936500000001,-1.5189902836114335
308,2,68,12.350265264511108,25,0.55,0.2021,0.111155,0.0,-0.209892,0.6695594,0.8767899496836968,-0.296354,-1.7329947,-1.7531817359699455,0.035272,0.0193996,-0.03998390650023373,0.075536,0.8265448000000001,0.7625502168258862,0.20251,-1.4586195,-1.5932461099690105,0.030196,0.016607800000000002,0.057119866428905326,0.177736,0.8827548000000001,0.7682622034687767,0.05243,-1.5411635000000001,-1.5932461099690105,-0.224939,-0.12371645,-0.022847946571562132,0.119865,0.85092575,1.0024536558272885,-0.088054,-1.6184297,-1.536126243540105
309,2,69,12.39030146598816,25,0.55,0.211253,0.11618915,0.1256637061435917,-0.33617,0.6001065,0.8025341233261198,-0.250573,-1.70781515,-1.8445735222561939,0.048451,0.026648050000000003,-0.017135959928671597,0.199726,0.8948493000000001,0.8082461099690104,0.129365,-1.4988492500000001,-1.5304142568972146,0.02097,0.0115335,0.022847946571562132,0.446772,1.0307246,0.8710779630408063,0.137838,-1.4941891,-1.5475502168258863,-0.078118,-0.04296490000000001,-0.08567979964335799,0.06211,0.8191605000000001,0.9453337893983832,-0.050333,-1.5976831500000002,-1.610382069897682
310,2,70,12.430344581604004,25,0.55,0.166915,0.09180325000000002,0.14851165271515385,-0.143797,0.70591165,0.7168543236827619,-0.145348,-1.6499414000000001,-1.7988776291130697,0.009437,0.00519035,-0.011423973285781066,0.227939,0.91036645,0.8653659763979158,0.10473,-1.5123985,-1.513278296968543,-0.119468,-0.06570740000000001,0.022847946571562132,0.268008,0.9324044,0.8710779630408063,0.029773,-1.55362485,-1.5475502168258863,0.030877,0.016982350000000004,-0.11995171950070119,0.13554,0.8595470000000001,0.8939259096123684,-0.009612,-1.5752866,-1.6160940565405726
311,2,71,12.470354318618774,25,0.55,0.096594,0.053126700000000006,0.11995171950070119,0.022604,0.7974322,0.6425984973251849,0.021341,-1.55826245,-1.6960618695410399,-0.135958,-0.07477690000000001,-0.005711986642890533,0.129471,0.85620905,0.8825019363265874,-0.306073,-1.73834015,-1.524702270254324,-0.030035,-0.01651925,0.0,0.26706,0.931883,0.8310940565405726,0.154723,-1.48490235,-1.5304142568972146,0.106735,0.05870425,-0.06283185307179585,0.038232,0.8060276000000001,0.8539420031121346,0.227483,-1.4448843500000002,-1.6160940565405726
312,2,72,12.510644912719727,25,0.55,0.012717,0.00699435,0.13137569278648226,0.01026,0.790643,0.6483104839680756,0.121135,-1.50337575,-1.6903498828981496,-0.129799,-0.07138945000000001,0.022847946571562132,-0.049903,0.75755335,0.9167738561839305,-0.410785,-1.79593175,-1.524702270254324,0.108785,0.05983175000000001,-0.03998390650023373,0.013962,0.7926791000000001,1.0424375623275224,0.044712,-1.5454084000000001,-1.5304142568972146,0.067536,0.037144800000000006,-0.045695893143124264,0.007931,0.78936205,0.8596539897550252,0.206266,-1.4565537,-1.621806043183463
313,2,73,12.550691604614258,25,0.55,0.009525,0.00523875,0.057119866428905326,0.020477,0.79626235,0.7796861767545578,-0.042775,-1.59352625,-1.6389420031121347,-0.112024,-0.06161320000000001,-0.09710377292913905,-0.207996,0.6706022,0.7796861767545578,-0.25951,-1.7127305000000002,-1.7303337893983832,0.313421,0.17238155000000002,-0.028559933214452663,0.060805,0.81844275,0.985317695898617,0.040598,-1.5476711,-1.5475502168258863,-0.045512,-0.0250316,0.005711986642890533,0.219623,0.9057926500000001,0.8710779630408063,0.215933,-1.4512368500000001,-1.5532622034687766
314,2,74,12.590790271759033,25,0.55,0.058587,0.032222850000000004,0.07996781300046746,0.323866,0.9631263000000001,0.8482300164692441,0.151172,-1.4868554,-1.5703981633974484,-0.153555,-0.08445525000000001,-0.06283185307179585,-0.237187,0.65454715,0.7796861767545578,-0.241001,-1.70255055,-1.7303337893983832,0.172594,0.0949267,-0.028559933214452663,-0.078801,0.74165945,0.8996378962552589,0.010383,-1.5642893500000001,-1.5532622034687766,-0.045125,-0.02481875,0.0,0.241349,0.91774195,0.8653659763979158,0.077331,-1.5274679500000001,-1.5075663103256525
315,2,75,12.63094973564148,25,0.55,-0.028216,-0.015518800000000003,0.06283185307179585,0.29908,0.9494940000000001,0.8482300164692441,-0.082495,-1.61537225,-1.598958096611901,-0.065114,-0.0358127,-0.07996781300046746,-0.141398,0.7072311,0.6997183637540902,-0.043045,-1.5936747500000001,-1.7760296825415076,0.0909,0.049995,0.08567979964335799,0.004364,0.7874002,0.8653659763979158,0.036579,-1.54988155,-1.5418382301829956,0.061499,0.03382445,-0.034271919857343194,0.402953,1.00662415,0.9053498828981494,0.244558,-1.4354931,-1.5075663103256525
316,2,76,12.671298027038574,25,0.55,0.293155,0.16123525000000002,0.06283185307179585,0.117823,0.84980265,0.9396218027554927,-0.391848,-1.7855164000000001,-1.536126243540105,-0.003375,-0.00185625,-0.07996781300046746,0.118269,0.85004795,0.6882943904683092,-0.083365,-1.6158507500000001,-1.7474697493270548,-0.032346,-0.017790300000000002,0.08567979964335799,0.014562,0.7930091,0.8025341233261198,0.214627,-1.45195515,-1.5532622034687766,-0.020244,-0.011134200000000002,-0.028559933214452663,0.250493,0.9227711500000001,0.9281978294697116,0.126032,-1.5006824,-1.513278296968543
317,2,77,12.711292028427124,25,0.55,0.201223,0.11067265000000001,0.06283185307179585,-0.145255,0.70510975,0.9567577626841642,-0.282604,-1.7254322000000002,-1.6332300164692442,0.02216,0.012188000000000001,-0.06854383971468639,0.085548,0.8320514,0.739702270254324,0.069974,-1.5315143,-1.707485842826821,0.044477,0.024462350000000004,0.09139178628624853,0.141073,0.86259015,0.7968221366832293,0.088334,-1.5214163,-1.5532622034687766,-0.203506,-0.11192830000000001,-0.011423973285781066,0.138049,0.8609269500000001,0.9510457760412737,-0.069758,-1.6083669,-1.501854323682762
318,2,78,12.751360654830933,25,0.55,0.191401,0.10527055,0.034271919857343194,-0.27866,0.631737,0.8825019363265874,-0.236968,-1.7003324000000002,-1.7131978294697117,0.103253,0.056789150000000004,-0.057119866428905326,0.110053,0.8455291500000001,0.8196700832547915,-0.017525,-1.57963875,-1.6560779630408065,0.04662,0.025641000000000004,0.05140787978601479,0.326902,0.9647961,0.7968221366832293,0.075868,-1.5282726,-1.5418382301829956,-0.085585,-0.04707175,-0.005711986642890533,0.049735,0.81235425,0.9738937226128359,0.008175,-1.56550375,-1.4847183637540904
319,2,79,12.791472434997559,25,0.55,0.144008,0.07920440000000001,0.11423973285781065,-0.222259,0.66275755,0.728278296968543,-0.157459,-1.65660245,-1.7017738561839306,-0.044337,-0.024385350000000004,-0.057119866428905326,0.292498,0.9458739,0.91106186954104,0.015407,-1.5615261500000002,-1.6560779630408065,0.104207,0.05731385,0.045695893143124264,0.303812,0.9520966000000001,0.8539420031121346,0.123916,-1.5018462000000001,-1.5304142568972146,0.009048,0.004976400000000001,-0.10852774621492012,0.144309,0.86436995,0.813958096611901,0.095599,-1.51742055,-1.5818221366832295
320,2,80,12.831621885299683,25,0.55,0.054915,0.03020325,0.13708767942937278,-0.032811,0.76695395,0.6540224706109661,0.061612,-1.5361134,-1.7017738561839306,-0.037548,-0.0206514,-0.005711986642890533,0.11735,0.8495425000000001,0.8939259096123684,-0.195443,-1.6774936500000002,-1.621806043183463,0.040521,0.022286550000000002,0.03998390650023373,0.277805,0.9377927500000001,0.9053498828981494,0.120455,-1.50374975,-1.524702270254324,0.040743,0.022408650000000002,-0.06283185307179585,0.178345,0.88308975,0.813958096611901,0.195618,-1.4624101,-1.5932461099690105
321,2,81,12.871683597564697,25,0.55,0.085116,0.0468138,0.10281575957202958,0.098105,0.8389577500000001,0.6540224706109661,-0.071224,-1.6091732,-1.7189098161126022,-0.143272,-0.07879960000000001,-0.005711986642890533,-0.048233,0.7584718500000001,0.9567577626841642,-0.360031,-1.76801705,-1.6160940565405726,0.083179,0.04574845,0.03998390650023373,0.092217,0.8357193500000001,0.9053498828981494,0.091713,-1.51955785,-1.5075663103256525,0.022435,0.012339250000000001,-0.034271919857343194,0.124698,0.8535839000000001,0.8596539897550252,0.172827,-1.4749451500000001,-1.5818221366832295
322,2,82,12.911722898483276,25,0.55,0.011621,0.00639155,0.11995171950070119,0.227593,0.9101761500000001,0.7682622034687767,-0.027398,-1.5850689,-1.610382069897682,-0.140553,-0.07730415000000002,-0.005711986642890533,-0.312547,0.61309915,0.8710779630408063,-0.295386,-1.7324623000000001,-1.6675019363265875,0.208962,0.11492910000000002,0.034271919857343194,0.011576,0.7913668,0.9567577626841642,-0.063654,-1.6050097,-1.513278296968543,-0.019105,-0.010507750000000001,-0.017135959928671597,0.369471,0.98820905,0.8825019363265874,0.186488,-1.4674316,-1.5818221366832295
323,2,83,12.95183539390564,25,0.55,0.019352,0.010643600000000001,0.08567979964335799,0.280499,0.9392744500000001,0.813958096611901,0.064449,-1.53455305,-1.6160940565405726,-0.171325,-0.09422875000000001,-0.07996781300046746,-0.277182,0.6325499,0.7739741901116672,-0.157773,-1.65677515,-1.6675019363265875,0.139079,0.07649345,0.045695893143124264,-0.044418,0.7605701,0.8939259096123684,-0.035096,-1.5893028,-1.5304142568972146,-0.0222,-0.012210000000000002,-0.05140787978601479,0.328466,0.9656563,0.8767899496836968,0.136163,-1.49511035,-1.513278296968543
324,2,84,12.991978883743286,25,0.55,0.056808,0.031244400000000002,0.06854383971468639,0.287919,0.9433554500000001,0.9281978294697116,-0.109067,-1.62998685,-1.5818221366832295,-0.119087,-0.06549785000000001,-0.10281575957202958,-0.064658,0.7494381,0.728278296968543,-0.094252,-1.6218386,-1.781741669184398,0.05034,0.027687000000000003,0.07996781300046746,-0.078703,0.74171335,0.8539420031121346,0.086346,-1.5225097,-1.6160940565405726,0.117066,0.06438630000000001,-0.028559933214452663,0.365715,0.98614325,0.8767899496836968,0.239045,-1.43852525,-1.513278296968543
325,2,85,13.031988620758057,25,0.55,0.210659,0.11586245000000002,0.045695893143124264,0.110441,0.84574255,0.9453337893983832,-0.404294,-1.7923617,-1.5818221366832295,-0.012148,-0.006681400000000001,-0.08567979964335799,0.055411,0.81547605,0.6997183637540902,0.191404,-1.4647278000000001,-1.7303337893983832,-0.052634,-0.0289487,0.09710377292913905,0.205692,0.8981306,0.813958096611901,0.158353,-1.48290585,-1.610382069897682,0.005261,0.0028935500000000004,-0.03998390650023373,0.41006,1.0105330000000001,1.008165642470179,0.194825,-1.4628462500000001,-1.4790063771111996
326,2,86,13.072110891342163,25,0.55,0.277548,0.15265140000000002,0.034271919857343194,-0.147974,0.7036143,0.9624697493270548,-0.389172,-1.7840446,-1.5875341233261198,-0.136281,-0.07495455000000001,-0.06854383971468639,0.051466,0.8133063,0.7853981633974483,0.07735,-1.5274575000000001,-1.7360457760412737,0.100587,0.05532285,0.09710377292913905,0.157974,0.8718857,0.8653659763979158,0.160282,-1.4818449,-1.610382069897682,-0.158503,-0.08717665000000001,0.028559933214452663,0.172281,0.87975455,0.996741669184398,0.008579,-1.5652815500000001,-1.4961423370398714
327,2,87,13.112218379974365,25,0.55,0.197554,0.1086547,0.022847946571562132,-0.270532,0.6362074,0.825382069897682,-0.26361,-1.7149855,-1.80458961575596,-0.059996,-0.0329978,-0.06854383971468639,0.250402,0.9227211000000001,0.8596539897550252,0.210598,-1.4541711,-1.7360457760412737,0.039082,0.0214951,0.057119866428905326,0.273253,0.93528915,0.8596539897550252,-0.017365,-1.5795507500000001,-1.5703981633974484,-0.112833,-0.062058150000000006,0.0,0.062988,0.8196434,0.996741669184398,-0.041348,-1.5927414,-1.4504464438967473
328,2,88,13.152263164520264,25,0.55,0.020411,0.01122605,0.14279966607226333,-0.267457,0.63789865,0.7682622034687767,-0.091073,-1.62009015,-1.8103016023988507,0.023221,0.01277155,-0.07425582635757692,0.210011,0.9005060500000001,0.8710779630408063,0.108372,-1.5103954000000002,-1.5818221366832295,0.030602,0.0168311,0.05140787978601479,0.338451,0.97114805,0.8939259096123684,0.009864,-1.5645748000000002,-1.5304142568972146,-0.092977,-0.051137350000000005,-0.07996781300046746,0.000587,0.78532285,0.8767899496836968,0.029458,-1.5537981,-1.621806043183463
329,2,89,13.192384243011475,25,0.55,0.011477,0.00631235,0.14279966607226333,-0.041182,0.7623499,0.6597344572538566,0.041189,-1.54734605,-1.8103016023988507,-0.136592,-0.0751256,-0.06854383971468639,0.205644,0.8981042,0.9339098161126022,-0.205743,-1.68315865,-1.5589741901116674,0.014868,0.0081774,0.06854383971468639,0.327103,0.9649066500000001,0.922485842826821,0.157786,-1.4832177,-1.5304142568972146,0.035851,0.01971805,-0.07996781300046746,0.05681,0.8162455000000001,0.8025341233261198,0.279327,-1.41637015,-1.6160940565405726
330,2,90,13.23248815536499,25,0.55,0.017041,0.00937255,0.045695893143124264,0.018558,0.7952069,0.6368865106822944,0.124787,-1.50136715,-1.6903498828981496,-0.183565,-0.10096075000000002,-0.028559933214452663,-0.143977,0.70581265,0.9167738561839305,-0.343801,-1.75909055,-1.5532622034687766,0.125931,0.06926205,0.05140787978601479,0.176034,0.8818187000000001,0.9510457760412737,0.057804,-1.5382078000000001,-1.5703981633974484,0.052297,0.028763350000000003,-0.07425582635757692,0.063134,0.8197237,0.8310940565405726,0.247762,-1.4337309,-1.610382069897682
331,2,91,13.27260947227478,25,0.55,-0.055119,-0.030315450000000004,0.057119866428905326,0.086235,0.83242925,0.6825824038254187,0.026759,-1.55528255,-1.6275180298263536,-0.15841,-0.08712550000000001,-0.011423973285781066,-0.281089,0.63040105,0.91106186954104,-0.242029,-1.7031159500000002,-1.5703981633974484,0.104837,0.057660350000000006,0.028559933214452663,0.025491,0.79902005,0.985317695898617,-0.045383,-1.59496065,-1.4904303503969807,0.00168,0.0009240000000000001,-0.028559933214452663,0.19055,0.8898025,0.8310940565405726,0.078802,-1.5266589000000002,-1.5761101500403387
332,2,92,13.312638759613037,25,0.55,-0.004807,-0.00264385,0.017135959928671597,0.286907,0.9427988500000001,0.8482300164692441,0.000835,-1.56954075,-1.5589741901116674,-0.13981,-0.0768955,-0.1256637061435917,-0.285751,0.6278369500000001,0.7339902836114335,-0.118251,-1.6350380500000001,-1.7646057092557266,0.083943,0.046168650000000006,0.03998390650023373,0.156851,0.8712680500000001,0.9339098161126022,-0.161454,-1.6587997,-1.524702270254324,-0.031469,-0.01730795,-0.028559933214452663,0.344664,0.9745652,0.8539420031121346,0.020892,-1.5585094000000002,-1.5761101500403387
333,2,93,13.352718591690063,25,0.55,0.096841,0.053262550000000006,0.028559933214452663,0.267397,0.93206835,0.8482300164692441,-0.200604,-1.6803322,-1.5589741901116674,-0.012708,-0.006989400000000001,-0.13137569278648226,-0.091863,0.7344753500000001,0.6654464438967471,0.21193,-1.4534385,-1.7646057092557266,-0.084434,-0.0464387,0.06854383971468639,0.227572,0.9101646000000001,0.8596539897550252,-0.011796,-1.5764878,-1.5932461099690105,0.004086,0.0022473000000000003,0.011423973285781066,0.316007,0.95880385,0.8996378962552589,0.080395,-1.52578275,-1.5475502168258863
334,2,94,13.392795085906982,25,0.55,0.317322,0.17452710000000002,0.028559933214452663,0.03418,0.803799,0.9167738561839305,-0.43484,-1.8091620000000002,-1.5589741901116674,0.046437,0.02554035,-0.09139178628624853,0.094007,0.83670385,0.6882943904683092,0.151621,-1.48660845,-1.7131978294697117,-0.162914,-0.08960270000000001,0.06854383971468639,0.152298,0.8687639,0.8825019363265874,0.075519,-1.52846455,-1.6446539897550252,-0.011249,-0.006186950000000001,-0.028559933214452663,0.285486,0.9420173000000001,0.9510457760412737,0.018848,-1.5596336,-1.5418382301829956
335,2,95,13.432893991470337,25,0.55,0.230112,0.12656160000000002,0.057119866428905326,-0.225827,0.66079515,0.8825019363265874,-0.26355,-1.7149525,-1.7474697493270548,0.017955,0.00987525,-0.045695893143124264,-0.068306,0.7474317,0.751126243540105,0.057379,-1.5384415500000002,-1.5875341233261198,-0.117608,-0.0646844,0.005711986642890533,0.351,0.9780500000000001,0.8825019363265874,0.104795,-1.51236275,-1.6446539897550252,-0.143104,-0.0787072,-0.034271919857343194,0.052494,0.8138717,0.9910296825415075,-0.027638,-1.5852009,-1.5532622034687766
336,2,96,13.472987413406372,25,0.55,0.133185,0.07325175,0.13708767942937278,-0.227818,0.6597001,0.813958096611901,-0.046216,-1.5954188,-1.7988776291130697,0.071055,0.03908025,-0.045695893143124264,0.184485,0.8864667500000001,0.8082461099690104,0.017033,-1.56063185,-1.5646861767545577,0.025694,0.014131700000000002,-0.034271919857343194,0.338446,0.9711453000000001,0.8825019363265874,0.067869,-1.53267205,-1.5875341233261198,0.025659,0.014112450000000002,-0.017135959928671597,0.088121,0.83346655,0.9624697493270548,-0.004082,-1.5722451,-1.5589741901116674
337,2,97,13.513075351715088,25,0.55,0.065945,0.03626975,0.16564761264382544,-0.035255,0.76560975,0.751126243540105,0.126392,-1.5004844,-1.7588937226128358,0.030618,0.0168399,0.0,0.1603,0.8731650000000001,0.8196700832547915,-0.282862,-1.7255741,-1.5589741901116674,0.006897,0.0037933500000000005,-0.022847946571562132,0.319421,0.9606815500000001,0.9681817359699454,0.043399,-1.54613055,-1.5703981633974484,0.025348,0.013941400000000001,-0.045695893143124264,0.222257,0.9072413500000001,0.8939259096123684,0.150355,-1.48730475,-1.5932461099690105
338,2,98,13.553333759307861,25,0.55,-0.017049,-0.009376950000000002,0.10281575957202958,-0.015361,0.77655145,0.6825824038254187,0.19866,-1.460737,-1.6446539897550252,-0.071068,-0.03908740000000001,0.0,-0.003408,0.7831256,0.8710779630408063,-0.372176,-1.7746968,-1.5475502168258863,0.088211,0.048516050000000005,-0.017135959928671597,0.095296,0.8374128000000001,0.996741669184398,-0.00578,-1.573179,-1.5589741901116674,0.042455,0.023350250000000003,-0.011423973285781066,0.063543,0.8199486500000001,0.8653659763979158,0.187608,-1.4668156,-1.5932461099690105
339,2,99,13.593302249908447,25,0.55,-0.043026,-0.023664300000000003,0.08567979964335799,0.022606,0.7974333,0.728278296968543,0.023006,-1.5573467,-1.5761101500403387,-0.090576,-0.04981680000000001,0.017135959928671597,-0.18569,0.6828705,0.825382069897682,-0.297875,-1.7338312500000002,-1.6389420031121347,0.276389,0.15201395,0.0,0.060946,0.8185203000000001,1.0024536558272885,-0.014084,-1.5777462,-1.5304142568972146,-0.012934,-0.007113700000000001,0.028559933214452663,0.121412,0.8517766,0.9053498828981494,0.291432,-1.4097124,-1.5304142568972146
340,2,100,13.633341789245605,25,0.55,-0.058302,-0.0320661,0.05140787978601479,0.117147,0.8494308500000001,0.8082461099690104,0.004473,-1.56753985,-1.536126243540105,-0.051982,-0.028590100000000004,-0.057119866428905326,-0.236757,0.65478365,0.8025341233261198,-0.115779,-1.6336784500000001,-1.7531817359699455,0.115158,0.0633369,0.017135959928671597,0.015117,0.7933143500000001,0.9339098161126022,0.011806,-1.5635067,-1.5646861767545577,0.072675,0.03997125000000001,-0.005711986642890533,0.391691,1.00043005,0.8996378962552589,0.150191,-1.48739495,-1.5418382301829956
341,2,101,13.673921346664429,25,0.55,0.096865,0.05327575000000001,0.045695893143124264,0.170936,0.8790148,0.8767899496836968,-0.17119,-1.6641545,-1.5418382301829956,-0.019888,-0.010938400000000001,-0.06283185307179585,-0.13049,0.7132305,0.7339902836114335,0.020075,-1.5589587500000002,-1.793165642470179,-0.033742,-0.0185581,0.13137569278648226,0.022699,0.79748445,0.8653659763979158,0.035057,-1.55071865,-1.5532622034687766,0.108517,0.059684350000000004,-0.028559933214452663,0.438956,1.0264258000000002,0.9453337893983832,0.124049,-1.5017730500000002,-1.4904303503969807
342,2,102,13.71385931968689,25,0.55,0.241941,0.13306755,0.045695893143124264,-0.015854,0.7762803,0.825382069897682,-0.3614,-1.76877,-1.5589741901116674,0.006046,0.0033253000000000002,-0.03998390650023373,0.04943,0.8121865,0.7054303503969808,0.103629,-1.5130040500000002,-1.6789259096123685,-0.00933,-0.005131500000000001,0.13137569278648226,0.058525,0.81718875,0.8368060431834631,0.178672,-1.4717304,-1.5646861767545577,-0.064311,-0.03537105,0.0,0.343964,0.9741802,0.9453337893983832,-0.012054,-1.5766297,-1.4904303503969807
343,2,103,13.753890991210938,25,0.55,0.195477,0.10751235000000002,0.06283185307179585,-0.200874,0.6745193,0.8539420031121346,-0.304381,-1.7374095500000002,-1.6617899496836968,0.106689,0.05867895000000001,-0.03998390650023373,0.049856,0.8124208,0.7111423370398714,0.021384,-1.5582388,-1.6560779630408065,0.038266,0.021046300000000004,0.022847946571562132,0.215276,0.9034018,0.8196700832547915,0.065035,-1.53423075,-1.5532622034687766,-0.111643,-0.06140365000000001,0.017135959928671597,0.123438,0.8528909,0.9910296825415075,-0.028117,-1.58546435,-1.4961423370398714
344,2,104,13.794015407562256,25,0.55,0.148799,0.08183945,0.11995171950070119,-0.244399,0.65058055,0.7968221366832293,-0.205926,-1.6832593,-1.7588937226128358,0.151117,0.08311435,-0.045695893143124264,0.23733,0.9155315,0.7625502168258862,0.02115,-1.5583675000000001,-1.598958096611901,-0.000321,-0.00017655,0.028559933214452663,0.441688,1.0279284,0.8025341233261198,0.087345,-1.52196025,-1.5646861767545577,-0.073517,-0.04043435,-0.03998390650023373,0.112703,0.8469866500000001,0.9681817359699454,-0.014786,-1.5781323,-1.5818221366832295
345,2,105,13.834068775177002,25,0.55,0.159716,0.0878438,0.11995171950070119,-0.080902,0.7405039,0.7968221366832293,-0.220377,-1.69120735,-1.7646057092557266,0.011711,0.00644105,0.005711986642890533,0.252503,0.92387665,0.8539420031121346,0.085998,-1.5227011000000001,-1.5589741901116674,-0.017203,-0.00946165,0.022847946571562132,0.312927,0.95710985,0.8882139229694779,0.123648,-1.5019936,-1.5304142568972146,0.024094,0.013251700000000002,-0.06283185307179585,0.019246,0.7955853,0.9053498828981494,0.038618,-1.5487601,-1.610382069897682
346,2,106,13.874121189117432,25,0.55,0.148695,0.08178225,0.13137569278648226,0.053196,0.8142578,0.6483104839680756,-0.138732,-1.6463026,-1.6960618695410399,-0.167525,-0.09213875,0.022847946571562132,0.097906,0.8388483,0.8882139229694779,-0.32626,-1.749443,-1.5818221366832295,0.009711,0.00534105,0.034271919857343194,0.325634,0.9640987000000001,0.9624697493270548,0.102398,-1.5136811000000001,-1.5304142568972146,0.069994,0.0384967,-0.06854383971468639,0.003578,0.7869679,0.8653659763979158,0.269931,-1.42153795,-1.610382069897682
347,2,107,13.914214134216309,25,0.55,0.097736,0.053754800000000005,0.11995171950070119,0.043178,0.8087479000000001,0.6997183637540902,-0.005765,-1.57317075,-1.6846378962552588,-0.173625,-0.09549375,0.011423973285781066,-0.150458,0.7022481,0.91106186954104,-0.412382,-1.7968101,-1.5818221366832295,0.119746,0.06586030000000001,0.08567979964335799,0.205203,0.8978616500000001,1.0367255756846316,0.054622,-1.5399579,-1.513278296968543,0.09734,0.053537,-0.028559933214452663,0.19369,0.8915295000000001,0.8767899496836968,0.250446,-1.4322547,-1.610382069897682
348,2,108,13.954293251037598,25,0.55,0.111961,0.06157855000000001,0.1256637061435917,0.197652,0.8937086000000001,0.8539420031121346,0.059075,-1.53750875,-1.6617899496836968,-0.265632,-0.1460976,-0.10281575957202958,-0.242674,0.6515293,0.9339098161126022,-0.45256,-1.818908,-1.5875341233261198,0.250433,0.13773815000000003,0.028559933214452663,0.001034,0.7855687,1.0024536558272885,-0.082489,-1.6153689500000001,-1.5075663103256525,0.07583,0.0417065,-0.028559933214452663,0.188879,0.88888345,0.8596539897550252,0.204792,-1.4573644000000001,-1.536126243540105
349,2,109,13.99443531036377,25,0.55,-0.038906,-0.021398300000000002,0.09710377292913905,0.252222,0.9237221,0.8539420031121346,-0.014034,-1.5777187000000001,-1.6446539897550252,-0.074648,-0.04105640000000001,-0.11423973285781065,-0.30772,0.615754,0.7339902836114335,-0.06998,-1.608489,-1.8274375623275225,0.037993,0.020896150000000002,0.034271919857343194,0.0383,0.806065,0.9510457760412737,-0.084522,-1.6164871,-1.5189902836114335,0.064098,0.035253900000000005,0.06283185307179585,0.381554,0.9948547000000001,0.8825019363265874,0.035091,-1.55069995,-1.5189902836114335
350,2,110,14.034440755844116,25,0.55,0.12501,0.06875550000000001,0.09710377292913905,0.19711,0.8934105,0.8996378962552589,-0.228339,-1.69558645,-1.6389420031121347,-0.060438,-0.033240900000000004,-0.11995171950070119,-0.136211,0.71008395,0.6540224706109661,0.069973,-1.53151485,-1.8617094821848656,-0.058202,-0.0320111,0.11423973285781065,0.169457,0.87820135,0.8767899496836968,-0.000153,-1.57008415,-1.621806043183463,0.093762,0.05156910000000001,0.022847946571562132,0.417683,1.0147256500000001,0.8939259096123684,0.069811,-1.53160395,-1.5075663103256525
351,2,111,14.07459282875061,25,0.55,0.255081,0.14029455000000002,0.017135959928671597,0.047984,0.8113912,0.9681817359699454,-0.300688,-1.7353784,-1.6275180298263536,0.003535,0.0019442500000000002,-0.06854383971468639,0.063809,0.82009495,0.6483104839680756,0.180227,-1.4708751500000001,-1.7303337893983832,-0.084906,-0.0466983,0.09139178628624853,0.247747,0.92126085,0.8310940565405726,0.084821,-1.52334845,-1.6275180298263536,-0.042372,-0.0233046,0.022847946571562132,0.293912,0.9466516,0.9281978294697116,-0.075707,-1.61163885,-1.536126243540105
352,2,112,14.11464548110962,25,0.55,0.287059,0.15788245,0.06854383971468639,-0.217719,0.66525455,0.8882139229694779,-0.276841,-1.7222625500000002,-1.6675019363265875,-0.034479,-0.018963450000000003,-0.057119866428905326,0.006787,0.78873285,0.7454142568972145,0.090533,-1.52020685,-1.6503659763979157,-0.029206,-0.016063300000000003,0.028559933214452663,0.241356,0.9177458000000001,0.8596539897550252,0.00967,-1.5646815,-1.6275180298263536,-0.143238,-0.07878090000000001,0.005711986642890533,0.126173,0.85439515,1.0424375623275224,-0.062838,-1.6045609,-1.5532622034687766
353,2,113,14.154707670211792,25,0.55,0.169588,0.0932734,0.10281575957202958,-0.314488,0.6120316,0.8025341233261198,-0.208103,-1.68445665,-1.7531817359699455,0.059809,0.032894950000000006,-0.03998390650023373,0.194374,0.8919057,0.7625502168258862,0.103123,-1.51328235,-1.5875341233261198,-0.088623,-0.04874265,0.011423973285781066,0.436193,1.02490615,0.922485842826821,0.007325,-1.56597125,-1.5761101500403387,-0.05221,-0.0287155,-0.03998390650023373,0.059239,0.81758145,0.985317695898617,-0.022515,-1.5823832500000001,-1.6046700832547915
354,2,114,14.194827795028687,25,0.55,0.107258,0.05899190000000001,0.18278357257249706,-0.183897,0.6838566500000001,0.6768704171825282,-0.001358,-1.5707469,-1.7131978294697117,0.073634,0.040498700000000006,-0.034271919857343194,0.156697,0.87118335,0.825382069897682,-0.034418,-1.5889299000000001,-1.5703981633974484,-0.157903,-0.08684665,0.011423973285781066,0.345432,0.9749876000000001,0.9510457760412737,0.083229,-1.5242240500000002,-1.5761101500403387,0.072052,0.03962860000000001,-0.05140787978601479,0.015933,0.7937631500000001,0.9053498828981494,0.088109,-1.52154005,-1.6046700832547915
355,2,115,14.234853982925415,25,0.55,0.036063,0.01983465,0.18278357257249706,-0.029192,0.7689444000000001,0.6654464438967471,0.230887,-1.44301215,-1.7131978294697117,-0.03434,-0.018887000000000004,-0.005711986642890533,0.121097,0.85160335,0.8653659763979158,-0.332861,-1.75307355,-1.5703981633974484,0.073351,0.040343050000000005,0.005711986642890533,0.220824,0.9064532000000001,0.9738937226128359,0.016498,-1.5609261,-1.5646861767545577,0.050515,0.027783250000000002,-0.07425582635757692,0.152206,0.8687133,0.8368060431834631,0.240045,-1.43797525,-1.6275180298263536
356,2,116,14.274996042251587,25,0.55,0.038198,0.021008900000000004,0.18278357257249706,0.027618,0.8001899,0.6711584305396376,0.089292,-1.5208894000000002,-1.6846378962552588,-0.135666,-0.07461630000000001,0.017135959928671597,-0.078287,0.7419421500000001,0.8767899496836968,-0.384503,-1.78147665,-1.5646861767545577,0.097889,0.053838950000000003,-0.011423973285781066,0.169859,0.8784224500000001,1.0595735222561937,-0.03165,-1.5874075,-1.5418382301829956,-0.050059,-0.027532450000000003,0.005711986642890533,0.085619,0.83209045,0.8368060431834631,0.1815,-1.470175,-1.598958096611901
357,2,117,14.315067291259766,25,0.55,-0.030493,-0.016771150000000002,0.09139178628624853,0.17692,0.882306,0.7796861767545578,0.042937,-1.54638465,-1.524702270254324,-0.132742,-0.0730081,-0.028559933214452663,-0.314438,0.6120591,0.7911101500403388,-0.190621,-1.67484155,-1.7303337893983832,0.162227,0.08922485000000001,-0.028559933214452663,0.010127,0.79056985,0.9167738561839305,-0.095449,-1.6224969500000002,-1.5761101500403387,-0.016792,-0.009235600000000002,-0.022847946571562132,0.255608,0.9255844000000001,0.8825019363265874,0.101395,-1.5142327500000001,-1.501854323682762
358,2,118,14.355101823806763,25,0.55,-0.041697,-0.02293335,0.07996781300046746,0.212112,0.9016616000000001,0.7796861767545578,-0.057125,-1.6014187500000001,-1.524702270254324,-0.056098,-0.030853900000000004,-0.07996781300046746,-0.252154,0.6463153,0.7911101500403388,-0.016588,-1.5791234,-1.7703176958986169,0.065887,0.03623785,0.06854383971468639,0.050065,0.81253575,0.8710779630408063,-0.047494,-1.5961217,-1.5818221366832295,0.071746,0.039460300000000004,-0.017135959928671597,0.49204,1.055622,0.91106186954104,0.184706,-1.4684117,-1.536126243540105
359,2,119,14.395209550857544,25,0.55,0.26744,0.14709200000000003,0.06854383971468639,0.177657,0.88271135,0.8710779630408063,-0.315977,-1.74378735,-1.5418382301829956,-0.018646,-0.0102553,-0.06854383971468639,0.073978,0.8256879,0.6711584305396376,0.140144,-1.4929208,-1.6789259096123685,-0.119412,-0.0656766,0.06283185307179585,0.171141,0.87912755,0.813958096611901,0.113675,-1.50747875,-1.6160940565405726,0.036666,0.0201663,-0.05140787978601479,0.346235,0.97542925,0.8882139229694779,0.038577,-1.5487826500000001,-1.5475502168258863
360,2,120,14.435299158096313,25,0.55,0.231212,0.12716660000000002,0.028559933214452663,-0.131735,0.7125457500000001,0.9053498828981494,-0.369196,-1.7730578000000001,-1.6275180298263536,0.023049,0.012676950000000001,-0.06854383971468639,0.075892,0.8267406,0.6711584305396376,0.12716,-1.500062,-1.6503659763979157,0.054539,0.02999645,0.06854383971468639,0.219997,0.9059983500000001,0.7853981633974483,0.126528,-1.5004096,-1.6046700832547915,-0.205791,-0.11318505000000001,0.005711986642890533,0.229679,0.91132345,0.9339098161126022,-0.048909,-1.59689995,-1.5475502168258863
361,2,121,14.47536849975586,25,0.55,0.167799,0.09228945000000001,0.07996781300046746,-0.269484,0.6367838,0.8996378962552589,-0.195536,-1.6775448000000002,-1.7303337893983832,0.028239,0.015531450000000002,-0.045695893143124264,0.062345,0.81928975,0.751126243540105,0.098726,-1.5157007,-1.5646861767545577,-0.031846,-0.0175153,0.06854383971468639,0.311056,0.9560808000000001,0.8710779630408063,0.004738,-1.5673941,-1.5818221366832295,-0.153667,-0.08451685,0.011423973285781066,0.020436,0.7962398,0.996741669184398,-0.017298,-1.5795139,-1.5646861767545577
362,2,122,14.515485525131226,25,0.55,0.082196,0.045207800000000006,0.1256637061435917,-0.310248,0.6143636,0.8996378962552589,-0.116674,-1.6341707,-1.793165642470179,0.005413,0.0029771500000000005,-0.022847946571562132,0.263292,0.9298106,0.8882139229694779,0.036848,-1.5497336000000002,-1.5589741901116674,-0.048585,-0.026721750000000002,0.011423973285781066,0.477162,1.0474391,0.8996378962552589,0.133037,-1.49682965,-1.5589741901116674,-0.046179,-0.02539845,-0.022847946571562132,-0.012539,0.77810355,0.922485842826821,0.065827,-1.53379515,-1.5703981633974484
363,2,123,14.555545806884766,25,0.55,0.092007,0.050603850000000006,0.11995171950070119,-0.06921,0.7469345000000001,0.6540224706109661,0.070394,-1.5312833000000001,-1.6846378962552588,-0.036663,-0.020164650000000003,-0.005711986642890533,0.239517,0.91673435,0.8710779630408063,-0.107897,-1.62934335,-1.5646861767545577,-0.147265,-0.08099575,0.022847946571562132,0.364825,0.98565375,0.8996378962552589,0.131405,-1.49772725,-1.5532622034687766,0.089691,0.04933005000000001,-0.09139178628624853,-0.120966,0.7184687000000001,0.7911101500403388,0.225082,-1.4462049000000001,-1.6332300164692442
364,2,124,14.595657110214233,25,0.55,0.085962,0.047279100000000004,0.09710377292913905,0.026199,0.7994094500000001,0.6425984973251849,0.016396,-1.5609822,-1.7131978294697117,-0.181198,-0.09965890000000001,-0.005711986642890533,0.073427,0.8253848500000001,0.8882139229694779,-0.424716,-1.8035938,-1.524702270254324,0.152934,0.0841137,-0.011423973285781066,0.267208,0.9319644,0.9796057092557264,0.068797,-1.5321616500000002,-1.536126243540105,0.039081,0.02149455,-0.10281575957202958,0.026639,0.79965145,0.8082461099690104,0.395811,-1.35230395,-1.5304142568972146
365,2,125,14.635716199874878,25,0.55,-0.073513,-0.04043215,0.11995171950070119,-0.02167,0.7730815,0.6654464438967471,0.054911,-1.53979895,-1.6617899496836968,-0.210337,-0.11568535,-0.045695893143124264,-0.293374,0.6236443,0.8939259096123684,-0.30415,-1.7372825,-1.6389420031121347,0.23856,0.13120800000000002,-0.011423973285781066,0.068705,0.82278775,1.0310135890417411,-0.065656,-1.6061108000000002,-1.5532622034687766,-0.019676,-0.010821800000000001,-0.028559933214452663,0.110546,0.8458003000000001,0.8082461099690104,0.168337,-1.47741465,-1.536126243540105
366,2,126,14.67625880241394,25,0.55,-0.00851,-0.004680500000000001,0.09139178628624853,0.235009,0.91425495,0.8368060431834631,0.044312,-1.5456284,-1.6160940565405726,-0.191465,-0.10530575,-0.09139178628624853,-0.316837,0.61073965,0.8939259096123684,-0.332512,-1.7528816,-1.6389420031121347,0.2467,0.135685,-0.005711986642890533,0.03822,0.806021,1.0138776291130696,-0.114305,-1.6328677500000002,-1.5418382301829956,-0.043987,-0.024192850000000002,-0.034271919857343194,0.267487,0.93211785,0.8653659763979158,0.087214,-1.5220323,-1.4961423370398714
367,2,127,14.71625304222107,25,0.55,0.065361,0.03594855,0.09139178628624853,0.352701,0.97898555,0.8368060431834631,-0.079007,-1.61345385,-1.6160940565405726,-0.097589,-0.053673950000000005,-0.13708767942937278,-0.166179,0.69360155,0.6654464438967471,-0.101929,-1.62606095,-1.7588937226128358,0.048153,0.02648415,0.13708767942937278,0.111654,0.8464097,0.7968221366832293,-0.041518,-1.5928349000000002,-1.6275180298263536,0.047348,0.026041400000000003,0.034271919857343194,0.295643,0.94760365,0.8596539897550252,0.022991,-1.5573549500000001,-1.4847183637540904
368,2,128,14.756249189376831,25,0.55,0.071245,0.039184750000000004,0.028559933214452663,0.1911,0.890105,0.9396218027554927,-0.248385,-1.70661175,-1.5875341233261198,-0.008493,-0.004671150000000001,-0.13137569278648226,-0.053126,0.7557807000000001,0.6654464438967471,0.214223,-1.4521773500000001,-1.7874536558272887,-0.07249,-0.0398695,0.1256637061435917,0.136937,0.86031535,0.8425180298263536,0.007507,-1.56587115,-1.6560779630408065,0.116544,0.06409920000000001,0.011423973285781066,0.378024,0.9929132,0.9053498828981494,0.161318,-1.4812751,-1.4847183637540904
369,2,129,14.796388387680054,25,0.55,0.238201,0.13101055,0.05140787978601479,-0.091713,0.7345578500000001,0.9396218027554927,-0.403939,-1.79216645,-1.598958096611901,0.035236,0.019379800000000003,-0.09710377292913905,0.002933,0.78661315,0.6940063771111997,0.241037,-1.4374296500000001,-1.7303337893983832,-0.105517,-0.058034350000000005,0.06283185307179585,0.234886,0.9141873,0.8539420031121346,0.137937,-1.4941346500000001,-1.621806043183463,-0.174517,-0.09598435000000001,0.017135959928671597,0.305506,0.9530283,0.9681817359699454,-0.063154,-1.6047347,-1.5646861767545577
370,2,130,14.836456537246704,25,0.55,0.213993,0.11769615,0.017135959928671597,-0.263558,0.6400431,0.9453337893983832,-0.318239,-1.7450314500000002,-1.6789259096123685,-0.046121,-0.02536655,-0.022847946571562132,0.033799,0.80358945,0.7739741901116672,0.184886,-1.4683127,-1.5589741901116674,0.093197,0.05125835000000001,0.005711986642890533,0.271191,0.93415505,0.8996378962552589,0.084036,-1.5237802,-1.6275180298263536,-0.216031,-0.11881705000000001,0.034271919857343194,0.137644,0.8607042,0.9796057092557264,-0.088553,-1.6187041500000001,-1.5304142568972146
371,2,131,14.876522302627563,25,0.55,0.086547,0.04760085,0.10852774621492012,-0.272565,0.63508925,0.751126243540105,-0.226172,-1.6943946,-1.793165642470179,0.101991,0.05609505,-0.034271919857343194,0.100162,0.8400891,0.813958096611901,0.07261,-1.5300645000000002,-1.536126243540105,-0.012117,-0.00666435,0.0,0.387854,0.9983197,0.8939259096123684,0.107561,-1.51084145,-1.536126243540105,-0.185498,-0.1020239,-0.11423973285781065,0.123383,0.85286065,0.9738937226128359,-0.095166,-1.6223413,-1.5589741901116674
372,2,132,14.916576385498047,25,0.55,0.096984,0.053341200000000005,0.10852774621492012,-0.184306,0.6836317000000001,0.6254625373965134,-0.147387,-1.65106285,-1.793165642470179,-0.074663,-0.04106465,-0.017135959928671597,0.285372,0.9419546000000001,0.8310940565405726,-0.062898,-1.6045939,-1.536126243540105,-0.066551,-0.036603050000000005,0.045695893143124264,0.483786,1.0510823,0.8939259096123684,0.170051,-1.47647195,-1.5418382301829956,0.037448,0.020596400000000004,-0.11423973285781065,0.028618,0.8007399000000001,0.8882139229694779,0.145618,-1.4899101000000001,-1.6389420031121347
373,2,133,14.956631660461426,25,0.55,0.096066,0.0528363,0.07425582635757692,-0.029077,0.76900765,0.6368865106822944,0.013916,-1.5623462000000001,-1.7531817359699455,-0.23511,-0.12931050000000002,0.005711986642890533,0.199829,0.8949059500000001,0.8425180298263536,-0.420061,-1.80103355,-1.5418382301829956,0.012195,0.0067072500000000005,0.022847946571562132,0.391905,1.00054775,0.996741669184398,0.186964,-1.4671698,-1.524702270254324,0.088199,0.04850945,-0.13137569278648226,-0.052089,0.75635105,0.8596539897550252,0.341395,-1.38223275,-1.6275180298263536
374,2,134,14.996724605560303,25,0.55,-5.7e-05,-3.135e-05,0.07996781300046746,-0.026051,0.77067195,0.6368865106822944,0.056429,-1.5389640500000001,-1.6903498828981496,-0.13618,-0.07489900000000001,-0.011423973285781066,-0.090299,0.7353355500000001,0.8939259096123684,-0.28996,-1.729478,-1.5761101500403387,0.209651,0.11530805000000001,0.011423973285781066,0.09232,0.8357760000000001,1.0424375623275224,0.026241,-1.55556745,-1.5189902836114335,-0.067094,-0.0369017,-0.03998390650023373,0.031687,0.80242785,0.8196700832547915,0.324686,-1.3914227000000001,-1.6046700832547915
375,2,135,15.036749362945557,25,0.55,0.005953,0.0032741500000000004,0.07996781300046746,0.173688,0.8805284,0.751126243540105,0.018183,-1.55999935,-1.6446539897550252,-0.10041,-0.055225500000000004,-0.13137569278648226,-0.192651,0.67904195,0.9053498828981494,-0.320032,-1.7460176,-1.6960618695410399,0.237883,0.13083565000000003,-0.017135959928671597,-0.001141,0.78437245,1.0652855088990845,-0.000184,-1.5701012,-1.5075663103256525,-0.046746,-0.025710300000000002,-0.03998390650023373,0.292205,0.94571275,0.8653659763979158,0.169874,-1.4765693,-1.5075663103256525
376,2,136,15.076833486557007,25,0.55,-0.011915,-0.006553250000000001,0.10281575957202958,0.272605,0.93493275,0.7968221366832293,-0.007104,-1.5739072,-1.6275180298263536,-0.039464,-0.0217052,-0.10852774621492012,-0.152142,0.7013219,0.7739741901116672,-0.024333,-1.58338315,-1.7588937226128358,0.042409,0.023324950000000004,0.06283185307179585,0.053563,0.81445965,0.91106186954104,-0.020085,-1.58104675,-1.5532622034687766,-0.013588,-0.0074734,-0.034271919857343194,0.298083,0.94894565,0.8596539897550252,0.08018,-1.525901,-1.4847183637540904
377,2,137,15.117002248764038,25,0.55,0.183128,0.10072040000000002,0.045695893143124264,0.232138,0.9126759,0.7968221366832293,-0.259262,-1.7125941,-1.5761101500403387,0.018021,0.00991155,-0.06854383971468639,0.049356,0.8121458,0.739702270254324,0.097611,-1.51631395,-1.7588937226128358,-0.06764,-0.037202000000000006,0.13137569278648226,0.135735,0.8596542500000001,0.8596539897550252,0.116144,-1.5061208000000001,-1.5703981633974484,-0.00189,-0.0010395,-0.034271919857343194,0.341662,0.9729141000000001,0.9053498828981494,0.155681,-1.4843754500000002,-1.4847183637540904
378,2,138,15.157127141952515,25,0.55,0.283919,0.15615545,0.03998390650023373,-0.149058,0.7030181,0.7968221366832293,-0.393487,-1.78641785,-1.5818221366832295,-0.009487,-0.0052178500000000004,-0.034271919857343194,0.08136,0.829748,0.739702270254324,0.02462,-1.556459,-1.6617899496836968,0.061795,0.033987250000000004,0.06283185307179585,0.279313,0.93862215,0.8082461099690104,0.143105,-1.49129225,-1.5932461099690105,-0.080476,-0.044261800000000004,-0.03998390650023373,0.235828,0.9147054000000001,0.9339098161126022,0.075819,-1.52829955,-1.4847183637540904
379,2,139,15.197142362594604,25,0.55,0.178632,0.09824760000000002,0.08567979964335799,-0.305029,0.61723405,0.922485842826821,-0.228326,-1.6955793000000001,-1.7360457760412737,0.005064,0.0027852000000000003,-0.03998390650023373,0.116703,0.84918665,0.7911101500403388,0.196712,-1.4618084,-1.598958096611901,0.154549,0.08500195,0.017135959928671597,0.229242,0.9110831,0.8539420031121346,0.130389,-1.4982860500000001,-1.5589741901116674,-0.246741,-0.13570755,-0.034271919857343194,0.12036,0.851198,0.9796057092557264,-0.164924,-1.6607082,-1.5075663103256525
380,2,140,15.237272024154663,25,0.55,0.054801,0.030140550000000006,0.13708767942937278,-0.330644,0.6031458000000001,0.7853981633974483,-0.070066,-1.6085363000000001,-1.8217255756846318,0.120251,0.06613805,-0.034271919857343194,0.276041,0.93682255,0.8596539897550252,0.040959,-1.5474725500000002,-1.598958096611901,0.025585,0.014071750000000001,0.06283185307179585,0.424281,1.01835455,0.922485842826821,0.212217,-1.45328065,-1.5532622034687766,-0.112273,-0.061750150000000004,-0.05140787978601479,0.100513,0.8402821500000001,0.9053498828981494,-0.056992,-1.6013456000000001,-1.5189902836114335
381,2,141,15.277321577072144,25,0.55,-0.033342,-0.0183381,0.14851165271515385,-0.082969,0.73936705,0.6654464438967471,0.16439,-1.4795855,-1.7417577626841643,-0.017006,-0.0093533,0.011423973285781066,0.298622,0.9492421,0.8825019363265874,-0.201849,-1.68101695,-1.5646861767545577,0.029701,0.01633555,0.06283185307179585,0.345974,0.9752857,0.9567577626841642,0.262332,-1.4257174000000001,-1.513278296968543,0.057524,0.031638200000000005,-0.05140787978601479,0.175047,0.8812758500000001,0.9053498828981494,0.127417,-1.49992065,-1.6160940565405726
382,2,142,15.317454099655151,25,0.55,0.001112,0.0006116,0.05140787978601479,0.022445,0.79734475,0.6368865106822944,0.225755,-1.44583475,-1.6503659763979157,-0.14278,-0.078529,0.011423973285781066,0.062517,0.81938435,0.91106186954104,-0.326822,-1.7497521,-1.5304142568972146,0.088003,0.048401650000000004,0.05140787978601479,0.292114,0.9456627,0.9681817359699454,0.156732,-1.4837974,-1.4961423370398714,0.099701,0.054835550000000004,-0.08567979964335799,-0.009857,0.77957865,0.8653659763979158,0.2113,-1.453785,-1.6446539897550252
383,2,143,15.357492446899414,25,0.55,0.024248,0.0133364,0.022847946571562132,-0.050913,0.7569978500000001,0.6368865106822944,0.007796,-1.5657122,-1.5532622034687766,-0.125523,-0.06903765,0.022847946571562132,-0.170751,0.6910869500000001,0.91106186954104,-0.302071,-1.73613905,-1.6160940565405726,0.256732,0.1412026,0.028559933214452663,0.063528,0.8199404,0.9910296825415075,0.088962,-1.5210709,-1.4732943904683093,-0.034219,-0.018820450000000002,-0.045695893143124264,0.177127,0.88241985,0.8653659763979158,0.260039,-1.42697855,-1.598958096611901
384,2,144,15.397639036178589,25,0.55,0.030781,0.01692955,0.03998390650023373,0.088316,0.8335738,0.8539420031121346,0.052335,-1.54121575,-1.501854323682762,-0.184836,-0.10165980000000001,-0.08567979964335799,-0.204567,0.6724881500000001,0.9053498828981494,-0.308322,-1.7395771,-1.7189098161126022,0.228651,0.12575805,0.022847946571562132,-0.03216,0.767312,1.01958961575596,0.026797,-1.55526165,-1.4732943904683093,-0.035452,-0.0194986,-0.045695893143124264,0.219144,0.9055292,0.8653659763979158,0.103962,-1.5128209000000001,-1.5189902836114335
385,2,145,15.437680006027222,25,0.55,-0.037951,-0.02087305,0.03998390650023373,0.240081,0.9170445500000001,0.8196700832547915,-0.015061,-1.57828355,-1.5875341233261198,-0.076145,-0.04187975000000001,-0.1256637061435917,-0.224531,0.6615079500000001,0.7454142568972145,-0.117307,-1.63451885,-1.7760296825415076,0.080964,0.0445302,0.06854383971468639,-0.050835,0.75704075,0.91106186954104,0.028833,-1.5541418500000002,-1.5075663103256525,0.109291,0.060110050000000005,0.022847946571562132,0.339231,0.97157705,0.8939259096123684,0.040499,-1.54772555,-1.4847183637540904
386,2,146,15.47777247428894,25,0.55,0.029943,0.01646865,0.022847946571562132,0.090013,0.8345071500000001,0.8196700832547915,-0.349644,-1.7623042,-1.5532622034687766,-0.01888,-0.010384000000000001,-0.07425582635757692,-0.115504,0.7214728,0.7225663103256524,0.208767,-1.45517815,-1.7760296825415076,-0.066573,-0.03661515,0.13137569278648226,0.363171,0.9847440500000001,0.8882139229694779,0.051226,-1.5418257,-1.5475502168258863,-0.028993,-0.015946150000000003,-0.022847946571562132,0.4188,1.0153400000000001,0.9053498828981494,0.127123,-1.50008235,-1.513278296968543
387,2,147,15.51794719696045,25,0.55,0.240172,0.1320946,-0.017135959928671597,-0.051621,0.75660845,0.9510457760412737,-0.396872,-1.7882796,-1.5761101500403387,0.022682,0.012475100000000001,-0.07425582635757692,0.02701,0.7998555,0.6882943904683092,0.176469,-1.4729420500000001,-1.7417577626841643,-0.099999,-0.054999450000000005,0.13137569278648226,0.147267,0.86599685,0.8882139229694779,0.13802,-1.494089,-1.5589741901116674,-0.056566,-0.0311113,0.005711986642890533,0.334737,0.9691053500000001,0.9453337893983832,-0.014127,-1.5777698500000001,-1.5589741901116674
388,2,148,15.558088779449463,25,0.55,0.235629,0.12959595000000002,0.005711986642890533,-0.189978,0.6805121000000001,0.8310940565405726,-0.228372,-1.6956046,-1.7531817359699455,-0.084888,-0.046688400000000005,-0.03998390650023373,0.010804,0.7909422,0.739702270254324,0.094211,-1.51818395,-1.6160940565405726,0.115397,0.06346835,0.034271919857343194,0.162789,0.87453395,0.7682622034687767,0.159922,-1.4820429000000002,-1.5589741901116674,-0.233582,-0.1284701,-0.03998390650023373,0.132876,0.8580818,1.0367255756846316,-0.15126,-1.6531930000000001,-1.5646861767545577
389,2,149,15.598061323165894,25,0.55,0.158995,0.08744725,0.09139178628624853,-0.28973,0.6256485,0.7682622034687767,-0.17382,-1.665601,-1.7531817359699455,0.085831,0.04720705000000001,-0.022847946571562132,0.240825,0.9174537500000001,0.8082461099690104,0.136518,-1.4949151,-1.5703981633974484,0.050949,0.028021950000000004,0.005711986642890533,0.376852,0.9922686000000001,0.9281978294697116,0.118853,-1.50463085,-1.501854323682762,-0.132718,-0.0729949,-0.05140787978601479,0.120599,0.85132945,0.985317695898617,-0.028511,-1.58568105,-1.5646861767545577
